District,Month,Visitors_domestic,Visitors_foreign,Visitors_total
Adilabad,Jan-2016,792136,2,792138
Adilabad,Feb-2016,937820,0,937820
Adilabad,Mar-2016,582946,2,582948
Adilabad,Apr-2016,341948,0,341948
Adilabad,May-2016,252887,0,252887
Adilabad,Jun-2016,368237,0,368237
Adilabad,Jul-2016,447562,4,447566
Adilabad,Aug-2016,614285,2,614287
Adilabad,Sep-2016,491279,0,491279
Adilabad,Oct-2016,94184,0,94184
Adilabad,Nov-2016,99148,0,99148
Adilabad,Dec-2016,53125,0,53125
Adilabad,Jan-2017,318799,5,318804
Adilabad,Feb-2017,83316,0,83316
Adilabad,Mar-2017,27508,0,27508
Adilabad,Apr-2017,13946,0,13946
Adilabad,May-2017,11752,0,11752
Adilabad,Jun-2017,26859,3,26862
Adilabad,Jul-2017,52386,0,52386
Adilabad,Aug-2017,34876,0,34876
Adilabad,Sep-2017,42699,3,42702
Adilabad,Oct-2017,41666,0,41666
Adilabad,Nov-2017,117322,0,117322
Adilabad,Dec-2017,54251,0,54251
Adilabad,Jan-2018,320356,0,320356
Adilabad,Feb-2018,36550,0,36550
Adilabad,Mar-2018,23011,0,23011
Adilabad,Apr-2018,14183,0,14183
Adilabad,May-2018,8197,0,8197
Adilabad,Jun-2018,12052,0,12052
Adilabad,Jul-2018,24666,2,24668
Adilabad,Aug-2018,38939,3,38942
Adilabad,Sep-2018,25875,0,25875
Adilabad,Oct-2018,30257,0,30257
Adilabad,Nov-2018,49181,0,49181
Adilabad,Dec-2018,61476,0,61476
Adilabad,Jan-2019,25071,0,25071
Adilabad,Feb-2019,406177,2,406179
Adilabad,Mar-2019,14347,0,14347
Adilabad,Apr-2019,9972,0,9972
Adilabad,May-2019,6997,0,6997
Adilabad,Jun-2019,9161,0,9161
Adilabad,Jul-2019,11791,0,11791
Adilabad,Aug-2019,108173,2,108175
Adilabad,Sep-2019,37589,0,37589
Adilabad,Oct-2019,38184,0,38184
Adilabad,Nov-2019,70344,2,70346
Adilabad,Dec-2019,38089,0,38089
Adilabad,Jan-2020,621850,0,621850
Adilabad,Feb-2020,29421,0,29421
Adilabad,Mar-2020,9430,0,9430
Adilabad,Apr-2020,,0,0
Adilabad,May-2020,,0,0
Adilabad,Jun-2020,1909,0,1909
Adilabad,Jul-2020,549,0,549
Adilabad,Aug-2020,654,0,654
Adilabad,Sep-2020,3978,0,3978
Adilabad,Oct-2020,15128,0,15128
Adilabad,Nov-2020,27525,0,27525
Adilabad,Dec-2020,61403,0,61403
Adilabad,Jan-2021,18203,0,18203
Adilabad,Feb-2021,271255,0,271255
Adilabad,Mar-2021,15907,0,15907
Adilabad,Apr-2021,6955,0,6955
Adilabad,May-2021,1191,0,1191
Adilabad,Jun-2021,3407,0,3407
Adilabad,Jul-2021,26885,0,26885
Adilabad,Aug-2021,25338,0,25338
Adilabad,Sep-2021,17672,0,17672
Adilabad,Oct-2021,16095,0,16095
Adilabad,Nov-2021,73753,0,73753
Adilabad,Dec-2021,18484,0,18484
Adilabad,Jan-2022,28423,0,28423
Adilabad,Feb-2022,378787,2,378789
Adilabad,Mar-2022,15469,0,15469
Adilabad,Apr-2022,10266,0,10266
Adilabad,May-2022,11670,0,11670
Adilabad,Jun-2022,10704,0,10704
Adilabad,Jul-2022,16035,0,16035
Adilabad,Aug-2022,20472,0,20472
Adilabad,Sep-2022,21352,0,21352
Adilabad,Oct-2022,22668,0,22668
Adilabad,Nov-2022,66152,0,66152
Adilabad,Dec-2022,25972,0,25972
Bhadradri Kothagudem,Jan-2016, , ,0
Bhadradri Kothagudem,Feb-2016, , ,0
Bhadradri Kothagudem,Mar-2016, , ,0
Bhadradri Kothagudem,Apr-2016, , ,0
Bhadradri Kothagudem,May-2016, , ,0
Bhadradri Kothagudem,Jun-2016, , ,0
Bhadradri Kothagudem,Jul-2016, , ,0
Bhadradri Kothagudem,Aug-2016, , ,0
Bhadradri Kothagudem,Sep-2016, , ,0
Bhadradri Kothagudem,Oct-2016,310133,0,310133
Bhadradri Kothagudem,Nov-2016,252127,0,252127
Bhadradri Kothagudem,Dec-2016,326770,0,326770
Bhadradri Kothagudem,Jan-2017,302315,0,302315
Bhadradri Kothagudem,Feb-2017,251359,0,251359
Bhadradri Kothagudem,Mar-2017,243943,0,243943
Bhadradri Kothagudem,Apr-2017,667459,0,667459
Bhadradri Kothagudem,May-2017,311626,0,311626
Bhadradri Kothagudem,Jun-2017,351742,0,351742
Bhadradri Kothagudem,Jul-2017,258114,0,258114
Bhadradri Kothagudem,Aug-2017,316438,0,316438
Bhadradri Kothagudem,Sep-2017,381784,0,381784
Bhadradri Kothagudem,Oct-2017,334504,0,334504
Bhadradri Kothagudem,Nov-2017,281515,0,281515
Bhadradri Kothagudem,Dec-2017,393518,0,393518
Bhadradri Kothagudem,Jan-2018,421275,0,421275
Bhadradri Kothagudem,Feb-2018,240634,0,240634
Bhadradri Kothagudem,Mar-2018,421275,0,421275
Bhadradri Kothagudem,Apr-2018,341258,0,341258
Bhadradri Kothagudem,May-2018,291273,0,291273
Bhadradri Kothagudem,Jun-2018,290512,0,290512
Bhadradri Kothagudem,Jul-2018,220304,0,220304
Bhadradri Kothagudem,Aug-2018,219548,0,219548
Bhadradri Kothagudem,Sep-2018,334878,0,334878
Bhadradri Kothagudem,Oct-2018,322974,0,322974
Bhadradri Kothagudem,Nov-2018,253464,0,253464
Bhadradri Kothagudem,Dec-2018,442483,0,442483
Bhadradri Kothagudem,Jan-2019,283365,0,283365
Bhadradri Kothagudem,Feb-2019,229159,0,229159
Bhadradri Kothagudem,Mar-2019,225448,0,225448
Bhadradri Kothagudem,Apr-2019,349585,0,349585
Bhadradri Kothagudem,May-2019,275800,0,275800
Bhadradri Kothagudem,Jun-2019,9761776,0,9761776
Bhadradri Kothagudem,Jul-2019,233338,0,233338
Bhadradri Kothagudem,Aug-2019,271941,0,271941
Bhadradri Kothagudem,Sep-2019,314199,0,314199
Bhadradri Kothagudem,Oct-2019,287432,0,287432
Bhadradri Kothagudem,Nov-2019,298366,0,298366
Bhadradri Kothagudem,Dec-2019,287328,0,287328
Bhadradri Kothagudem,Jan-2020,269310,0,269310
Bhadradri Kothagudem,Feb-2020,238140,0,238140
Bhadradri Kothagudem,Mar-2020,79871,0,79871
Bhadradri Kothagudem,Apr-2020,,0,0
Bhadradri Kothagudem,May-2020,,0,0
Bhadradri Kothagudem,Jun-2020,15399,0,15399
Bhadradri Kothagudem,Jul-2020,15130,0,15130
Bhadradri Kothagudem,Aug-2020,26350,0,26350
Bhadradri Kothagudem,Sep-2020,30957,0,30957
Bhadradri Kothagudem,Oct-2020,49203,0,49203
Bhadradri Kothagudem,Nov-2020,76900,0,76900
Bhadradri Kothagudem,Dec-2020,80842,0,80842
Bhadradri Kothagudem,Jan-2021,199340,0,199340
Bhadradri Kothagudem,Feb-2021,163761,0,163761
Bhadradri Kothagudem,Mar-2021,83871,0,83871
Bhadradri Kothagudem,Apr-2021,38456,0,38456
Bhadradri Kothagudem,May-2021,9329,0,9329
Bhadradri Kothagudem,Jun-2021,20090,0,20090
Bhadradri Kothagudem,Jul-2021,63082,0,63082
Bhadradri Kothagudem,Aug-2021,70386,0,70386
Bhadradri Kothagudem,Sep-2021,88451,0,88451
Bhadradri Kothagudem,Oct-2021,104063,0,104063
Bhadradri Kothagudem,Nov-2021,84828,0,84828
Bhadradri Kothagudem,Dec-2021,105685,0,105685
Bhadradri Kothagudem,Jan-2022,84901,0,84901
Bhadradri Kothagudem,Feb-2022,108037,0,108037
Bhadradri Kothagudem,Mar-2022,177140,0,177140
Bhadradri Kothagudem,Apr-2022,180027,0,180027
Bhadradri Kothagudem,May-2022,179018,0,179018
Bhadradri Kothagudem,Jun-2022,167787,0,167787
Bhadradri Kothagudem,Jul-2022,95266,0,95266
Bhadradri Kothagudem,Aug-2022,76299,0,76299
Bhadradri Kothagudem,Sep-2022,87413,0,87413
Bhadradri Kothagudem,Oct-2022,101592,0,101592
Bhadradri Kothagudem,Nov-2022,85953,0,85953
Bhadradri Kothagudem,Dec-2022,115658,0,115658
Hanumakonda,Jan-2021,90800,0,90800
Hanumakonda,Feb-2021,89900,0,89900
Hanumakonda,Mar-2021,91970,80,92050
Hanumakonda,Apr-2021,89430,5,89435
Hanumakonda,May-2021,14510,0,14510
Hanumakonda,Jun-2021,10050,0,10050
Hanumakonda,Jul-2021,40670,0,40670
Hanumakonda,Aug-2021,39220,3,39223
Hanumakonda,Sep-2021,42340,5,42345
Hanumakonda,Oct-2021,38650,5,38655
Hanumakonda,Nov-2021,37910,8,37918
Hanumakonda,Dec-2021,38125,6,38131
Hanumakonda,Jan-2022,42135,8,42143
Hanumakonda,Feb-2022,55408,8,55416
Hanumakonda,Mar-2022,44427,8,44435
Hanumakonda,Apr-2022,44010,8,44018
Hanumakonda,May-2022,44785,7,44792
Hanumakonda,Jun-2022,44169,7,44176
Hanumakonda,Jul-2022,42452,9,42461
Hanumakonda,Aug-2022,33640,0,33640
Hanumakonda,Sep-2022,34774,0,34774
Hanumakonda,Oct-2022,35347,9,35356
Hanumakonda,Nov-2022,35198,0,35198
Hanumakonda,Dec-2022,36985,0,36985
Hyderabad,Jan-2016,1122510,15865,1138375
Hyderabad,Feb-2016,778748,29646,808394
Hyderabad,Mar-2016,1017794,13019,1030813
Hyderabad,Apr-2016,1127738,8402,1136140
Hyderabad,May-2016,1287181,8522,1295703
Hyderabad,Jun-2016,12032661,10284,12042945
Hyderabad,Jul-2016,1096754,17142,1113896
Hyderabad,Aug-2016,1061137,12842,1073979
Hyderabad,Sep-2016,832987,9397,842384
Hyderabad,Oct-2016,901960,12808,914768
Hyderabad,Nov-2016,909733,8084,917817
Hyderabad,Dec-2016,1225502,17620,1243122
Hyderabad,Jan-2017,1924695,19286,1943981
Hyderabad,Feb-2017,1886698,18097,1904795
Hyderabad,Mar-2017,1783903,13875,1797778
Hyderabad,Apr-2017,2366793,12996,2379789
Hyderabad,May-2017,2266793,12983,2279776
Hyderabad,Jun-2017,2007060,12486,2019546
Hyderabad,Jul-2017,1890870,18144,1909014
Hyderabad,Aug-2017,1976980,16985,1993965
Hyderabad,Sep-2017,2011280,27856,2039136
Hyderabad,Oct-2017,2202316,26368,2228684
Hyderabad,Nov-2017,1971438,29170,2000608
Hyderabad,Dec-2017,4871416,38933,4910349
Hyderabad,Jan-2018,1978396,35379,2013775
Hyderabad,Feb-2018,1365837,30414,1396251
Hyderabad,Mar-2018,1415938,27535,1443473
Hyderabad,Apr-2018,1586375,20830,1607205
Hyderabad,May-2018,1189492,21554,1211046
Hyderabad,Jun-2018,1595067,24677,1619744
Hyderabad,Jul-2018,1470042,17456,1487498
Hyderabad,Aug-2018,1591470,31217,1622687
Hyderabad,Sep-2018,1508086,22809,1530895
Hyderabad,Oct-2018,2207478,30072,2237550
Hyderabad,Nov-2018,1671320,23487,1694807
Hyderabad,Dec-2018,1964150,29358,1993508
Hyderabad,Jan-2019,1426500,35920,1462420
Hyderabad,Feb-2019,983147,25621,1008768
Hyderabad,Mar-2019,1009991,21929,1031920
Hyderabad,Apr-2019,1045933,18267,1064200
Hyderabad,May-2019,1305748,17317,1323065
Hyderabad,Jun-2019,1262995,20077,1283072
Hyderabad,Jul-2019,1094861,27874,1122735
Hyderabad,Aug-2019,1121380,22725,1144105
Hyderabad,Sep-2019,959930,34018,993948
Hyderabad,Oct-2019,1240643,28706,1269349
Hyderabad,Nov-2019,1073665,32762,1106427
Hyderabad,Dec-2019,1277569,34084,1311653
Hyderabad,Jan-2020,1157153,25174,1182327
Hyderabad,Feb-2020,868641,16521,885162
Hyderabad,Mar-2020,321650,3724,325374
Hyderabad,Apr-2020,,,0
Hyderabad,May-2020,,,0
Hyderabad,Jun-2020,,,0
Hyderabad,Jul-2020,,,0
Hyderabad,Aug-2020,,,0
Hyderabad,Sep-2020,21861,6,21867
Hyderabad,Oct-2020,167510,76,167586
Hyderabad,Nov-2020,272276,128,272404
Hyderabad,Dec-2020,442895,230,443125
Hyderabad,Jan-2021,828057,758,828815
Hyderabad,Feb-2021,657955,814,658769
Hyderabad,Mar-2021,589239,294,589533
Hyderabad,Apr-2021,216683,90,216773
Hyderabad,May-2021,50064,158,50222
Hyderabad,Jun-2021,205368,79,205447
Hyderabad,Jul-2021,384455,131,384586
Hyderabad,Aug-2021,603815,169,603984
Hyderabad,Sep-2021,533745,343,534088
Hyderabad,Oct-2021,743442,931,744373
Hyderabad,Nov-2021,938466,758,939224
Hyderabad,Dec-2021,1042809,1220,1044029
Hyderabad,Jan-2022,956428,575,957003
Hyderabad,Feb-2022,733747,592,734339
Hyderabad,Mar-2022,818866,1907,820773
Hyderabad,Apr-2022,776520,4959,781479
Hyderabad,May-2022,1460904,7841,1468745
Hyderabad,Jun-2022,1435151,5241,1440392
Hyderabad,Jul-2022,816814,6972,823786
Hyderabad,Aug-2022,933522,13256,946778
Hyderabad,Sep-2022,1005418,7828,1013246
Hyderabad,Oct-2022,1724362,5206,1729568
Hyderabad,Nov-2022,1289350,4524,1293874
Hyderabad,Dec-2022,1622676,9275,1631951
Jagtial,Jan-2016, , ,0
Jagtial,Feb-2016, , ,0
Jagtial,Mar-2016, , ,0
Jagtial,Apr-2016, , ,0
Jagtial,May-2016, , ,0
Jagtial,Jun-2016, , ,0
Jagtial,Jul-2016, , ,0
Jagtial,Aug-2016, , ,0
Jagtial,Sep-2016, , ,0
Jagtial,Oct-2016,201249,0,201249
Jagtial,Nov-2016,214534,0,214534
Jagtial,Dec-2016,207294,0,207294
Jagtial,Jan-2017,174477,0,174477
Jagtial,Feb-2017,159659,0,159659
Jagtial,Mar-2017,323658,0,323658
Jagtial,Apr-2017,330540,0,330540
Jagtial,May-2017,468038,0,468038
Jagtial,Jun-2017,418103,0,418103
Jagtial,Jul-2017,247254,0,247254
Jagtial,Aug-2017,386458,0,386458
Jagtial,Sep-2017,143102,0,143102
Jagtial,Oct-2017,248504,0,248504
Jagtial,Nov-2017,348042,0,348042
Jagtial,Dec-2017,393566,0,393566
Jagtial,Jan-2018,614082,0,614082
Jagtial,Feb-2018,349576,0,349576
Jagtial,Mar-2018,416716,0,416716
Jagtial,Apr-2018,372874,0,372874
Jagtial,May-2018,641363,0,641363
Jagtial,Jun-2018,182505,0,182505
Jagtial,Jul-2018,182473,0,182473
Jagtial,Aug-2018,272685,0,272685
Jagtial,Sep-2018,273121,0,273121
Jagtial,Oct-2018,138206,0,138206
Jagtial,Nov-2018,277997,0,277997
Jagtial,Dec-2018,231323,0,231323
Jagtial,Jan-2019,211913,0,211913
Jagtial,Feb-2019,215105,0,215105
Jagtial,Mar-2019,194090,0,194090
Jagtial,Apr-2019,447226,0,447226
Jagtial,May-2019,500206,0,500206
Jagtial,Jun-2019,235363,0,235363
Jagtial,Jul-2019,157419,0,157419
Jagtial,Aug-2019,151570,0,151570
Jagtial,Sep-2019,157564,0,157564
Jagtial,Oct-2019,165070,0,165070
Jagtial,Nov-2019,277630,0,277630
Jagtial,Dec-2019,372959,0,372959
Jagtial,Jan-2020,340174,0,340174
Jagtial,Feb-2020,186484,0,186484
Jagtial,Mar-2020,347014,0,347014
Jagtial,Apr-2020,,0,0
Jagtial,May-2020,,0,0
Jagtial,Jun-2020,14228,0,14228
Jagtial,Jul-2020,41752,0,41752
Jagtial,Aug-2020,34496,0,34496
Jagtial,Sep-2020,83012,0,83012
Jagtial,Oct-2020,83004,0,83004
Jagtial,Nov-2020,154438,0,154438
Jagtial,Dec-2020,155757,0,155757
Jagtial,Jan-2021,154626,0,154626
Jagtial,Feb-2021,155602,0,155602
Jagtial,Mar-2021,303738,0,303738
Jagtial,Apr-2021,74401,0,74401
Jagtial,May-2021,2555,0,2555
Jagtial,Jun-2021,43196,0,43196
Jagtial,Jul-2021,187220,0,187220
Jagtial,Aug-2021,191483,0,191483
Jagtial,Sep-2021,169440,0,169440
Jagtial,Oct-2021,172570,0,172570
Jagtial,Nov-2021,260498,0,260498
Jagtial,Dec-2021,255232,0,255232
Jagtial,Jan-2022,321355,0,321355
Jagtial,Feb-2022,221928,0,221928
Jagtial,Mar-2022,369104,0,369104
Jagtial,Apr-2022,260082,0,260082
Jagtial,May-2022,209660,0,209660
Jagtial,Jun-2022,197988,0,197988
Jagtial,Jul-2022,95511,0,95511
Jagtial,Aug-2022,170922,0,170922
Jagtial,Sep-2022,97975,0,97975
Jagtial,Oct-2022,122002,0,122002
Jagtial,Nov-2022,169844,0,169844
Jagtial,Dec-2022,170504,0,170504
Jangaon,Jan-2016, , ,0
Jangaon,Feb-2016, , ,0
Jangaon,Mar-2016, , ,0
Jangaon,Apr-2016, , ,0
Jangaon,May-2016, , ,0
Jangaon,Jun-2016, , ,0
Jangaon,Jul-2016, , ,0
Jangaon,Aug-2016, , ,0
Jangaon,Sep-2016, , ,0
Jangaon,Oct-2016,14770,0,14770
Jangaon,Nov-2016,13210,2,13212
Jangaon,Dec-2016,12680,0,12680
Jangaon,Jan-2017,12280,0,12280
Jangaon,Feb-2017,12610,0,12610
Jangaon,Mar-2017,8450,0,8450
Jangaon,Apr-2017,9788,0,9788
Jangaon,May-2017,12130,0,12130
Jangaon,Jun-2017,13750,0,13750
Jangaon,Jul-2017,16050,0,16050
Jangaon,Aug-2017,15680,0,15680
Jangaon,Sep-2017,15600,0,15600
Jangaon,Oct-2017,16130,0,16130
Jangaon,Nov-2017,16360,0,16360
Jangaon,Dec-2017,16880,0,16880
Jangaon,Jan-2018,17180,0,17180
Jangaon,Feb-2018,18600,0,18600
Jangaon,Mar-2018,17300,0,17300
Jangaon,Apr-2018,18100,0,18100
Jangaon,May-2018,19660,0,19660
Jangaon,Jun-2018,23050,0,23050
Jangaon,Jul-2018,26280,0,26280
Jangaon,Aug-2018,26020,0,26020
Jangaon,Sep-2018,28830,0,28830
Jangaon,Oct-2018,29470,0,29470
Jangaon,Nov-2018,29570,0,29570
Jangaon,Dec-2018,36962,0,36962
Jangaon,Jan-2019,28750,0,28750
Jangaon,Feb-2019,28810,0,28810
Jangaon,Mar-2019,27300,0,27300
Jangaon,Apr-2019,26160,0,26160
Jangaon,May-2019,26740,0,26740
Jangaon,Jun-2019,25820,0,25820
Jangaon,Jul-2019,24160,0,24160
Jangaon,Aug-2019,27800,0,27800
Jangaon,Sep-2019,28640,0,28640
Jangaon,Oct-2019,27840,0,27840
Jangaon,Nov-2019,28410,0,28410
Jangaon,Dec-2019,28460,0,28460
Jangaon,Jan-2020,28150,0,28150
Jangaon,Feb-2020,26390,0,26390
Jangaon,Mar-2020,21430,0,21430
Jangaon,Apr-2020,,0,0
Jangaon,May-2020,,0,0
Jangaon,Jun-2020,,0,0
Jangaon,Jul-2020,2600,0,2600
Jangaon,Aug-2020,2750,0,2750
Jangaon,Sep-2020,2700,0,2700
Jangaon,Oct-2020,3050,0,3050
Jangaon,Nov-2020,12070,0,12070
Jangaon,Dec-2020,11860,0,11860
Jangaon,Jan-2021,11545,0,11545
Jangaon,Feb-2021,11440,0,11440
Jangaon,Mar-2021,11950,0,11950
Jangaon,Apr-2021,10340,0,10340
Jangaon,May-2021,3275,0,3275
Jangaon,Jun-2021,2470,0,2470
Jangaon,Jul-2021,6580,0,6580
Jangaon,Aug-2021,7085,0,7085
Jangaon,Sep-2021,7180,0,7180
Jangaon,Oct-2021,10360,0,10360
Jangaon,Nov-2021,6140,0,6140
Jangaon,Dec-2021,6140,0,6140
Jangaon,Jan-2022,6280,0,6280
Jangaon,Feb-2022,6610,0,6610
Jangaon,Mar-2022,6040,0,6040
Jangaon,Apr-2022,6100,0,6100
Jangaon,May-2022,6350,0,6350
Jangaon,Jun-2022,6180,0,6180
Jangaon,Jul-2022,5935,0,5935
Jangaon,Aug-2022,5890,0,5890
Jangaon,Sep-2022,5875,0,5875
Jangaon,Oct-2022,5675,0,5675
Jangaon,Nov-2022,5425,0,5425
Jangaon,Dec-2022,5275,0,5275
Jayashankar Bhoopalpally,Jan-2016, , ,0
Jayashankar Bhoopalpally,Feb-2016, , ,0
Jayashankar Bhoopalpally,Mar-2016, , ,0
Jayashankar Bhoopalpally,Apr-2016, , ,0
Jayashankar Bhoopalpally,May-2016, , ,0
Jayashankar Bhoopalpally,Jun-2016, , ,0
Jayashankar Bhoopalpally,Jul-2016, , ,0
Jayashankar Bhoopalpally,Aug-2016, , ,0
Jayashankar Bhoopalpally,Sep-2016, , ,0
Jayashankar Bhoopalpally,Oct-2016,76360,24,76384
Jayashankar Bhoopalpally,Nov-2016,81580,22,81602
Jayashankar Bhoopalpally,Dec-2016,85460,40,85500
Jayashankar Bhoopalpally,Jan-2017,96560,85,96645
Jayashankar Bhoopalpally,Feb-2017,96850,38,96888
Jayashankar Bhoopalpally,Mar-2017,81400,35,81435
Jayashankar Bhoopalpally,Apr-2017,90700,36,90736
Jayashankar Bhoopalpally,May-2017,91150,40,91190
Jayashankar Bhoopalpally,Jun-2017,93650,35,93685
Jayashankar Bhoopalpally,Jul-2017,94700,42,94742
Jayashankar Bhoopalpally,Aug-2017,118350,45,118395
Jayashankar Bhoopalpally,Sep-2017,112600,56,112656
Jayashankar Bhoopalpally,Oct-2017,115250,55,115305
Jayashankar Bhoopalpally,Nov-2017,116800,58,116858
Jayashankar Bhoopalpally,Dec-2017,723000,57,723057
Jayashankar Bhoopalpally,Jan-2018,6519850,50,6519900
Jayashankar Bhoopalpally,Feb-2018,8626250,60,8626310
Jayashankar Bhoopalpally,Mar-2018,146150,70,146220
Jayashankar Bhoopalpally,Apr-2018,149150,45,149195
Jayashankar Bhoopalpally,May-2018,152050,40,152090
Jayashankar Bhoopalpally,Jun-2018,159400,35,159435
Jayashankar Bhoopalpally,Jul-2018,128550,40,128590
Jayashankar Bhoopalpally,Aug-2018,184700,35,184735
Jayashankar Bhoopalpally,Sep-2018,192300,40,192340
Jayashankar Bhoopalpally,Oct-2018,195400,40,195440
Jayashankar Bhoopalpally,Nov-2018,196500,40,196540
Jayashankar Bhoopalpally,Dec-2018,245625,44,245669
Jayashankar Bhoopalpally,Jan-2019,197430,45,197475
Jayashankar Bhoopalpally,Feb-2019,193140,45,193185
Jayashankar Bhoopalpally,Mar-2019,194110,40,194150
Jayashankar Bhoopalpally,Apr-2019,191070,40,191110
Jayashankar Bhoopalpally,May-2019,185350,40,185390
Jayashankar Bhoopalpally,Jun-2019,203980,50,204030
Jayashankar Bhoopalpally,Jul-2019,213200,55,213255
Jayashankar Bhoopalpally,Aug-2019,216050,50,216100
Jayashankar Bhoopalpally,Sep-2019,223400,60,223460
Jayashankar Bhoopalpally,Oct-2019,218500,60,218560
Jayashankar Bhoopalpally,Nov-2019,225200,70,225270
Jayashankar Bhoopalpally,Dec-2019,220900,65,220965
Jayashankar Bhoopalpally,Jan-2020,3703500,70,3703570
Jayashankar Bhoopalpally,Feb-2020,9216200,60,9216260
Jayashankar Bhoopalpally,Mar-2020,152700,15,152715
Jayashankar Bhoopalpally,Apr-2020,0,0,0
Jayashankar Bhoopalpally,May-2020,0,0,0
Jayashankar Bhoopalpally,Jun-2020,0,0,0
Jayashankar Bhoopalpally,Jul-2020,10150,0,10150
Jayashankar Bhoopalpally,Aug-2020,15300,0,15300
Jayashankar Bhoopalpally,Sep-2020,18900,0,18900
Jayashankar Bhoopalpally,Oct-2020,25600,0,25600
Jayashankar Bhoopalpally,Nov-2020,72200,0,72200
Jayashankar Bhoopalpally,Dec-2020,76100,0,76100
Jayashankar Bhoopalpally,Jan-2021,77500,0,77500
Jayashankar Bhoopalpally,Feb-2021,78200,0,78200
Jayashankar Bhoopalpally,Mar-2021,81950,15,81965
Jayashankar Bhoopalpally,Apr-2021,80550,0,80550
Jayashankar Bhoopalpally,May-2021,25450,0,25450
Jayashankar Bhoopalpally,Jun-2021,24250,0,24250
Jayashankar Bhoopalpally,Jul-2021,45800,0,45800
Jayashankar Bhoopalpally,Aug-2021,54550,8,54558
Jayashankar Bhoopalpally,Sep-2021,57755,8,57763
Jayashankar Bhoopalpally,Oct-2021,52000,10,52010
Jayashankar Bhoopalpally,Nov-2021,61560,9,61569
Jayashankar Bhoopalpally,Dec-2021,56450,10,56460
Jayashankar Bhoopalpally,Jan-2022,2558141,10,2558151
Jayashankar Bhoopalpally,Feb-2022,8060739,8,8060747
Jayashankar Bhoopalpally,Mar-2022,59666,9,59675
Jayashankar Bhoopalpally,Apr-2022,61102,8,61110
Jayashankar Bhoopalpally,May-2022,60055,8,60063
Jayashankar Bhoopalpally,Jun-2022,60124,8,60132
Jayashankar Bhoopalpally,Jul-2022,62023,8,62031
Jayashankar Bhoopalpally,Aug-2022,62564,10,62574
Jayashankar Bhoopalpally,Sep-2022,62917,10,62927
Jayashankar Bhoopalpally,Oct-2022,63863,11,63874
Jayashankar Bhoopalpally,Nov-2022,64111,10,64121
Jayashankar Bhoopalpally,Dec-2022,62102,10,62112
Jogulamba Gadwal ,Jan-2016, , ,0
Jogulamba Gadwal ,Feb-2016, , ,0
Jogulamba Gadwal ,Mar-2016, , ,0
Jogulamba Gadwal ,Apr-2016, , ,0
Jogulamba Gadwal ,May-2016, , ,0
Jogulamba Gadwal ,Jun-2016, , ,0
Jogulamba Gadwal ,Jul-2016, , ,0
Jogulamba Gadwal ,Aug-2016, , ,0
Jogulamba Gadwal ,Sep-2016, , ,0
Jogulamba Gadwal ,Oct-2016,152898,13,152911
Jogulamba Gadwal ,Nov-2016,188170,21,188191
Jogulamba Gadwal ,Dec-2016,182333,11,182344
Jogulamba Gadwal ,Jan-2017,214887,20,214907
Jogulamba Gadwal ,Feb-2017,481110,16,481126
Jogulamba Gadwal ,Mar-2017,155013,32,155045
Jogulamba Gadwal ,Apr-2017,131426,29,131455
Jogulamba Gadwal ,May-2017,131426,31,131457
Jogulamba Gadwal ,Jun-2017,160182,32,160214
Jogulamba Gadwal ,Jul-2017,160182,34,160216
Jogulamba Gadwal ,Aug-2017,131485,25,131510
Jogulamba Gadwal ,Sep-2017,123733,42,123775
Jogulamba Gadwal ,Oct-2017,152898,13,152911
Jogulamba Gadwal ,Nov-2017,188170,21,188191
Jogulamba Gadwal ,Dec-2017,214887,10,214897
Jogulamba Gadwal ,Jan-2018,146441,36,146477
Jogulamba Gadwal ,Feb-2018,481110,6,481116
Jogulamba Gadwal ,Mar-2018,155013,22,155035
Jogulamba Gadwal ,Apr-2018,138673,15,138688
Jogulamba Gadwal ,May-2018,131426,19,131445
Jogulamba Gadwal ,Jun-2018,160182,19,160201
Jogulamba Gadwal ,Jul-2018,114951,37,114988
Jogulamba Gadwal ,Aug-2018,123733,42,123775
Jogulamba Gadwal ,Sep-2018,121710,35,121745
Jogulamba Gadwal ,Oct-2018,152898,13,152911
Jogulamba Gadwal ,Nov-2018,128075,45,128120
Jogulamba Gadwal ,Dec-2018,182333,11,182344
Jogulamba Gadwal ,Jan-2019,146441,36,146477
Jogulamba Gadwal ,Feb-2019,481110,6,481116
Jogulamba Gadwal ,Mar-2019,155013,22,155035
Jogulamba Gadwal ,Apr-2019,82334,16,82350
Jogulamba Gadwal ,May-2019,154609,20,154629
Jogulamba Gadwal ,Jun-2019,155013,22,155035
Jogulamba Gadwal ,Jul-2019,114951,37,114988
Jogulamba Gadwal ,Aug-2019,123733,42,123775
Jogulamba Gadwal ,Sep-2019,131485,25,131510
Jogulamba Gadwal ,Oct-2019,152898,13,152911
Jogulamba Gadwal ,Nov-2019,128075,45,128120
Jogulamba Gadwal ,Dec-2019,182333,11,182344
Jogulamba Gadwal ,Jan-2020,146441,36,146477
Jogulamba Gadwal ,Feb-2020,481110,6,481116
Jogulamba Gadwal ,Mar-2020,24013,0,24013
Jogulamba Gadwal ,Apr-2020,,0,0
Jogulamba Gadwal ,May-2020,,0,0
Jogulamba Gadwal ,Jun-2020,26013,0,26013
Jogulamba Gadwal ,Jul-2020,88182,0,88182
Jogulamba Gadwal ,Aug-2020,106925,0,106925
Jogulamba Gadwal ,Sep-2020,131485,0,131485
Jogulamba Gadwal ,Oct-2020,116753,0,116753
Jogulamba Gadwal ,Nov-2020,228325,0,228325
Jogulamba Gadwal ,Dec-2020,184380,0,184380
Jogulamba Gadwal ,Jan-2021,169350,0,169350
Jogulamba Gadwal ,Feb-2021,400254,0,400254
Jogulamba Gadwal ,Mar-2021,520014,0,520014
Jogulamba Gadwal ,Apr-2021,248566,0,248566
Jogulamba Gadwal ,May-2021,990,0,990
Jogulamba Gadwal ,Jun-2021,39894,0,39894
Jogulamba Gadwal ,Jul-2021,278769,0,278769
Jogulamba Gadwal ,Aug-2021,174508,0,174508
Jogulamba Gadwal ,Sep-2021,154900,0,154900
Jogulamba Gadwal ,Oct-2021,185052,0,185052
Jogulamba Gadwal ,Nov-2021,220734,0,220734
Jogulamba Gadwal ,Dec-2021,229051,0,229051
Jogulamba Gadwal ,Jan-2022,159487,0,159487
Jogulamba Gadwal ,Feb-2022,192389,0,192389
Jogulamba Gadwal ,Mar-2022,171090,0,171090
Jogulamba Gadwal ,Apr-2022,131186,0,131186
Jogulamba Gadwal ,May-2022,131310,0,131310
Jogulamba Gadwal ,Jun-2022,98046,0,98046
Jogulamba Gadwal ,Jul-2022,97097,0,97097
Jogulamba Gadwal ,Aug-2022,103708,0,103708
Jogulamba Gadwal ,Sep-2022,102049,0,102049
Jogulamba Gadwal ,Oct-2022,128895,0,128895
Jogulamba Gadwal ,Nov-2022,133993,0,133993
Jogulamba Gadwal ,Dec-2022,124264,0,124264
Kamareddy,Jan-2016, , ,0
Kamareddy,Feb-2016, , ,0
Kamareddy,Mar-2016, , ,0
Kamareddy,Apr-2016, , ,0
Kamareddy,May-2016, , ,0
Kamareddy,Jun-2016, , ,0
Kamareddy,Jul-2016, , ,0
Kamareddy,Aug-2016, , ,0
Kamareddy,Sep-2016, , ,0
Kamareddy,Oct-2016,47,0,47
Kamareddy,Nov-2016,38,0,38
Kamareddy,Dec-2016,42,0,42
Kamareddy,Jan-2017,58,0,58
Kamareddy,Feb-2017,50,0,50
Kamareddy,Mar-2017,41,0,41
Kamareddy,Apr-2017,46,0,46
Kamareddy,May-2017,60,0,60
Kamareddy,Jun-2017,41,0,41
Kamareddy,Jul-2017,41,0,41
Kamareddy,Aug-2017,40,0,40
Kamareddy,Sep-2017,41,0,41
Kamareddy,Oct-2017,38,0,38
Kamareddy,Nov-2017,43,0,43
Kamareddy,Dec-2017,41,0,41
Kamareddy,Jan-2018,44,0,44
Kamareddy,Feb-2018,44,0,44
Kamareddy,Mar-2018,45,0,45
Kamareddy,Apr-2018,45,0,45
Kamareddy,May-2018,49,0,49
Kamareddy,Jun-2018,56,0,56
Kamareddy,Jul-2018,48,0,48
Kamareddy,Aug-2018,55, ,55
Kamareddy,Sep-2018,40, ,40
Kamareddy,Oct-2018,62,0,62
Kamareddy,Nov-2018,41,0,41
Kamareddy,Dec-2018,43,0,43
Kamareddy,Jan-2019,42,0,42
Kamareddy,Feb-2019,41,0,41
Kamareddy,Mar-2019,45,0,45
Kamareddy,Apr-2019,41,0,41
Kamareddy,May-2019,46,0,46
Kamareddy,Jun-2019,41,0,41
Kamareddy,Jul-2019,50,0,50
Kamareddy,Aug-2019,50,0,50
Kamareddy,Sep-2019,41,0,41
Kamareddy,Oct-2019,46,0,46
Kamareddy,Nov-2019,46,0,46
Kamareddy,Dec-2019,45,0,45
Kamareddy,Jan-2020,45,0,45
Kamareddy,Feb-2020,42,0,42
Kamareddy,Mar-2020,30,0,30
Kamareddy,Apr-2020,,0,0
Kamareddy,May-2020,,0,0
Kamareddy,Jun-2020,, ,0
Kamareddy,Jul-2020,38,0,38
Kamareddy,Aug-2020,42,0,42
Kamareddy,Sep-2020,55,0,55
Kamareddy,Oct-2020,39,0,39
Kamareddy,Nov-2020,46,0,46
Kamareddy,Dec-2020,48,0,48
Kamareddy,Jan-2021,43,0,43
Kamareddy,Feb-2021,40,0,40
Kamareddy,Mar-2021,49,0,49
Kamareddy,Apr-2021,26,0,26
Kamareddy,May-2021,0,0,0
Kamareddy,Jun-2021,24,0,24
Kamareddy,Jul-2021,41,0,41
Kamareddy,Aug-2021,48,0,48
Kamareddy,Sep-2021,33,0,33
Kamareddy,Oct-2021,40,0,40
Kamareddy,Nov-2021,42,0,42
Kamareddy,Dec-2021,45,0,45
Kamareddy,Jan-2022,31,0,31
Kamareddy,Feb-2022,41,0,41
Kamareddy,Mar-2022,35,0,35
Kamareddy,Apr-2022,42,0,42
Kamareddy,May-2022,30,0,30
Kamareddy,Jun-2022,32,0,32
Kamareddy,Jul-2022,33,0,33
Kamareddy,Aug-2022,50,0,50
Kamareddy,Sep-2022,50,0,50
Kamareddy,Oct-2022,52,0,52
Kamareddy,Nov-2022,51,0,51
Kamareddy,Dec-2022,48,0,48
Karimnagar,Jan-2016,1984442,0,1984442
Karimnagar,Feb-2016,779960,0,779960
Karimnagar,Mar-2016,1018399,0,1018399
Karimnagar,Apr-2016,956959,0,956959
Karimnagar,May-2016,1095642,0,1095642
Karimnagar,Jun-2016,914746,0,914746
Karimnagar,Jul-2016,401047,0,401047
Karimnagar,Aug-2016,1018399,0,1018399
Karimnagar,Sep-2016,956959,0,956959
Karimnagar,Oct-2016,13675,0,13675
Karimnagar,Nov-2016,13350,0,13350
Karimnagar,Dec-2016,13890,0,13890
Karimnagar,Jan-2017,14425,0,14425
Karimnagar,Feb-2017,10845,0,10845
Karimnagar,Mar-2017,9625,0,9625
Karimnagar,Apr-2017,8630,0,8630
Karimnagar,May-2017,8890,0,8890
Karimnagar,Jun-2017,10542,0,10542
Karimnagar,Jul-2017,12350,0,12350
Karimnagar,Aug-2017,10952,0,10952
Karimnagar,Sep-2017,7576,0,7576
Karimnagar,Oct-2017,8371,0,8371
Karimnagar,Nov-2017,8705,0,8705
Karimnagar,Dec-2017,13065,0,13065
Karimnagar,Jan-2018,13505,0,13505
Karimnagar,Feb-2018,9330,0,9330
Karimnagar,Mar-2018,7205,0,7205
Karimnagar,Apr-2018,5830,0,5830
Karimnagar,May-2018,5689,0,5689
Karimnagar,Jun-2018,7180,0,7180
Karimnagar,Jul-2018,6686,0,6686
Karimnagar,Aug-2018,8480,0,8480
Karimnagar,Sep-2018,8480,0,8480
Karimnagar,Oct-2018,6118,0,6118
Karimnagar,Nov-2018,7145,0,7145
Karimnagar,Dec-2018,7800,0,7800
Karimnagar,Jan-2019,10285,0,10285
Karimnagar,Feb-2019,6480,0,6480
Karimnagar,Mar-2019,6634,0,6634
Karimnagar,Apr-2019,5623,0,5623
Karimnagar,May-2019,3393,0,3393
Karimnagar,Jun-2019,3871,0,3871
Karimnagar,Jul-2019,5192,0,5192
Karimnagar,Aug-2019,5480,0,5480
Karimnagar,Sep-2019,8735,0,8735
Karimnagar,Oct-2019,6799,0,6799
Karimnagar,Nov-2019,7101,0,7101
Karimnagar,Dec-2019,7898,0,7898
Karimnagar,Jan-2020,12057,0,12057
Karimnagar,Feb-2020,8359,0,8359
Karimnagar,Mar-2020,6100,0,6100
Karimnagar,Apr-2020,,0,0
Karimnagar,May-2020,,0,0
Karimnagar,Jun-2020,540,0,540
Karimnagar,Jul-2020,850,0,850
Karimnagar,Aug-2020,2500,0,2500
Karimnagar,Sep-2020,2250,0,2250
Karimnagar,Oct-2020,3258,0,3258
Karimnagar,Nov-2020,4100,0,4100
Karimnagar,Dec-2020,4200,0,4200
Karimnagar,Jan-2021,5965,0,5965
Karimnagar,Feb-2021,5670,0,5670
Karimnagar,Mar-2021,6800,0,6800
Karimnagar,Apr-2021,1924,0,1924
Karimnagar,May-2021,601,0,601
Karimnagar,Jun-2021,450,0,450
Karimnagar,Jul-2021,4750,0,4750
Karimnagar,Aug-2021,6320,0,6320
Karimnagar,Sep-2021,5475,0,5475
Karimnagar,Oct-2021,4410,0,4410
Karimnagar,Nov-2021,3525,0,3525
Karimnagar,Dec-2021,3750,0,3750
Karimnagar,Jan-2022,5011,0,5011
Karimnagar,Feb-2022,4564,0,4564
Karimnagar,Mar-2022,5979,0,5979
Karimnagar,Apr-2022,2259,0,2259
Karimnagar,May-2022,4620,0,4620
Karimnagar,Jun-2022,3175,0,3175
Karimnagar,Jul-2022,5235,0,5235
Karimnagar,Aug-2022,3620,0,3620
Karimnagar,Sep-2022,5095,0,5095
Karimnagar,Oct-2022,5625,0,5625
Karimnagar,Nov-2022,6115,0,6115
Karimnagar,Dec-2022,7440,0,7440
Khammam,Jan-2016,651827,0,651827
Khammam,Feb-2016,407533,0,407533
Khammam,Mar-2016,458527,0,458527
Khammam,Apr-2016,971622,0,971622
Khammam,May-2016,433994,0,433994
Khammam,Jun-2016,445862,0,445862
Khammam,Jul-2016,414963,0,414963
Khammam,Aug-2016,503654,0,503654
Khammam,Sep-2016,368437,0,368437
Khammam,Oct-2016,121575,0,121575
Khammam,Nov-2016,110634,0,110634
Khammam,Dec-2016,116403,0,116403
Khammam,Jan-2017,132528,0,132528
Khammam,Feb-2017,115470,0,115470
Khammam,Mar-2017,101878,0,101878
Khammam,Apr-2017,135920,0,135920
Khammam,May-2017,138799,0,138799
Khammam,Jun-2017,138158,0,138158
Khammam,Jul-2017,105102,0,105102
Khammam,Aug-2017,129159,0,129159
Khammam,Sep-2017,140821,0,140821
Khammam,Oct-2017,155943,0,155943
Khammam,Nov-2017,110800,0,110800
Khammam,Dec-2017,137825,0,137825
Khammam,Jan-2018,110094,0,110094
Khammam,Feb-2018,104444,0,104444
Khammam,Mar-2018,127152,0,127152
Khammam,Apr-2018,126553,0,126553
Khammam,May-2018,135189,0,135189
Khammam,Jun-2018,135988,0,135988
Khammam,Jul-2018,85932,0,85932
Khammam,Aug-2018,86309,0,86309
Khammam,Sep-2018,143465,0,143465
Khammam,Oct-2018,127645,0,127645
Khammam,Nov-2018,99070,0,99070
Khammam,Dec-2018,135600,0,135600
Khammam,Jan-2019,123550,0,123550
Khammam,Feb-2019,98471,0,98471
Khammam,Mar-2019,91340,0,91340
Khammam,Apr-2019,135920,0,135920
Khammam,May-2019,130971,0,130971
Khammam,Jun-2019,127270,0,127270
Khammam,Jul-2019,103260,0,103260
Khammam,Aug-2019,111374,0,111374
Khammam,Sep-2019,133754,0,133754
Khammam,Oct-2019,128625,0,128625
Khammam,Nov-2019,104380,0,104380
Khammam,Dec-2019,124525,0,124525
Khammam,Jan-2020,114752,0,114752
Khammam,Feb-2020,114417,0,114417
Khammam,Mar-2020,57137,0,57137
Khammam,Apr-2020,,0,0
Khammam,May-2020,,0,0
Khammam,Jun-2020,12806,0,12806
Khammam,Jul-2020,9104,0,9104
Khammam,Aug-2020,7942,0,7942
Khammam,Sep-2020,9078,0,9078
Khammam,Oct-2020,27858,0,27858
Khammam,Nov-2020,40647,0,40647
Khammam,Dec-2020,37084,0,37084
Khammam,Jan-2021,81711,0,81711
Khammam,Feb-2021,59065,0,59065
Khammam,Mar-2021,47862,0,47862
Khammam,Apr-2021,30882,0,30882
Khammam,May-2021,11240,0,11240
Khammam,Jun-2021,12443,0,12443
Khammam,Jul-2021,19400,0,19400
Khammam,Aug-2021,18781,0,18781
Khammam,Sep-2021,29256,0,29256
Khammam,Oct-2021,36965,0,36965
Khammam,Nov-2021,45533,0,45533
Khammam,Dec-2021,53316,0,53316
Khammam,Jan-2022,38645,0,38645
Khammam,Feb-2022,62355,0,62355
Khammam,Mar-2022,42502,0,42502
Khammam,Apr-2022,53897,0,53897
Khammam,May-2022,66404,0,66404
Khammam,Jun-2022,68590,0,68590
Khammam,Jul-2022,44448,0,44448
Khammam,Aug-2022,27651,0,27651
Khammam,Sep-2022,31088,0,31088
Khammam,Oct-2022,39455,0,39455
Khammam,Nov-2022,42806,0,42806
Khammam,Dec-2022,56856,0,56856
Mahabubabad,Jan-2016, , ,0
Mahabubabad,Feb-2016, , ,0
Mahabubabad,Mar-2016, , ,0
Mahabubabad,Apr-2016, , ,0
Mahabubabad,May-2016, , ,0
Mahabubabad,Jun-2016, , ,0
Mahabubabad,Jul-2016, , ,0
Mahabubabad,Aug-2016, , ,0
Mahabubabad,Sep-2016, , ,0
Mahabubabad,Oct-2016,13032,0,13032
Mahabubabad,Nov-2016,114015,0,114015
Mahabubabad,Dec-2016,12955,0,12955
Mahabubabad,Jan-2017,13260,0,13260
Mahabubabad,Feb-2017,13045,0,13045
Mahabubabad,Mar-2017,9100,0,9100
Mahabubabad,Apr-2017,9140,0,9140
Mahabubabad,May-2017,10220,0,10220
Mahabubabad,Jun-2017,10130,0,10130
Mahabubabad,Jul-2017,10170,0,10170
Mahabubabad,Aug-2017,12520,0,12520
Mahabubabad,Sep-2017,13140,0,13140
Mahabubabad,Oct-2017,13750,0,13750
Mahabubabad,Nov-2017,13560,0,13560
Mahabubabad,Dec-2017,13780,0,13780
Mahabubabad,Jan-2018,14000,0,14000
Mahabubabad,Feb-2018,14230,0,14230
Mahabubabad,Mar-2018,13110,0,13110
Mahabubabad,Apr-2018,12915,0,12915
Mahabubabad,May-2018,12865,0,12865
Mahabubabad,Jun-2018,13910,0,13910
Mahabubabad,Jul-2018,13970,0,13970
Mahabubabad,Aug-2018,13200,0,13200
Mahabubabad,Sep-2018,13420,0,13420
Mahabubabad,Oct-2018,13550,0,13550
Mahabubabad,Nov-2018,13700,0,13700
Mahabubabad,Dec-2018,17125,0,17125
Mahabubabad,Jan-2019,13480,0,13480
Mahabubabad,Feb-2019,13545,0,13545
Mahabubabad,Mar-2019,13490,0,13490
Mahabubabad,Apr-2019,12980,0,12980
Mahabubabad,May-2019,11970,0,11970
Mahabubabad,Jun-2019,11460,0,11460
Mahabubabad,Jul-2019,82312,0,82312
Mahabubabad,Aug-2019,84439,0,84439
Mahabubabad,Sep-2019,76051,0,76051
Mahabubabad,Oct-2019,70473,0,70473
Mahabubabad,Nov-2019,75220,0,75220
Mahabubabad,Dec-2019,76715,5,76720
Mahabubabad,Jan-2020,59562,0,59562
Mahabubabad,Feb-2020,256837,0,256837
Mahabubabad,Mar-2020,30207,0,30207
Mahabubabad,Apr-2020,0,0,0
Mahabubabad,May-2020,0,0,0
Mahabubabad,Jun-2020,20907,0,20907
Mahabubabad,Jul-2020,41220,0,41220
Mahabubabad,Aug-2020,36577,0,36577
Mahabubabad,Sep-2020,64791,0,64791
Mahabubabad,Oct-2020,54509,0,54509
Mahabubabad,Nov-2020,53047,0,53047
Mahabubabad,Dec-2020,59401,0,59401
Mahabubabad,Jan-2021,48780,0,48780
Mahabubabad,Feb-2021,37532,0,37532
Mahabubabad,Mar-2021,37647,0,37647
Mahabubabad,Apr-2021,27529,0,27529
Mahabubabad,May-2021,1268,0,1268
Mahabubabad,Jun-2021,6890,0,6890
Mahabubabad,Jul-2021,28920,0,28920
Mahabubabad,Aug-2021,27680,0,27680
Mahabubabad,Sep-2021,22920,0,22920
Mahabubabad,Oct-2021,27205,0,27205
Mahabubabad,Nov-2021,30870,0,30870
Mahabubabad,Dec-2021,27730,0,27730
Mahabubabad,Jan-2022,27210,0,27210
Mahabubabad,Feb-2022,103070,0,103070
Mahabubabad,Mar-2022,133380,0,133380
Mahabubabad,Apr-2022,174050,0,174050
Mahabubabad,May-2022,19225,0,19225
Mahabubabad,Jun-2022,14615,0,14615
Mahabubabad,Jul-2022,15580,0,15580
Mahabubabad,Aug-2022,15170,0,15170
Mahabubabad,Sep-2022,14110,0,14110
Mahabubabad,Oct-2022,12640,0,12640
Mahabubabad,Nov-2022,14400,0,14400
Mahabubabad,Dec-2022,18930,0,18930
Mahbubnagar,Jan-2016,577071,123,577194
Mahbubnagar,Feb-2016,1312068,126,1312194
Mahbubnagar,Mar-2016,1731983,103,1732086
Mahbubnagar,Apr-2016,622432,75,622507
Mahbubnagar,May-2016,571898,58,571956
Mahbubnagar,Jun-2016,561006,68,561074
Mahbubnagar,Jul-2016,562322,63,562385
Mahbubnagar,Aug-2016,1133105,86,1133191
Mahbubnagar,Sep-2016,567712,74,567786
Mahbubnagar,Oct-2016,198592,37,198629
Mahbubnagar,Nov-2016,256375,29,256404
Mahbubnagar,Dec-2016,210202,26,210228
Mahbubnagar,Jan-2017,446135,42,446177
Mahbubnagar,Feb-2017,805392,39,805431
Mahbubnagar,Mar-2017,178256,38,178294
Mahbubnagar,Apr-2017,208694,39,208733
Mahbubnagar,May-2017,214209,41,214250
Mahbubnagar,Jun-2017,179210,43,179253
Mahbubnagar,Jul-2017,179099,42,179141
Mahbubnagar,Aug-2017,215229,44,215273
Mahbubnagar,Sep-2017,180675,54,180729
Mahbubnagar,Oct-2017,196103,47,196150
Mahbubnagar,Nov-2017,259060,49,259109
Mahbubnagar,Dec-2017,426167,42,426209
Mahbubnagar,Jan-2018,156153,45,156198
Mahbubnagar,Feb-2018,788083,29,788112
Mahbubnagar,Mar-2018,166863,28,166891
Mahbubnagar,Apr-2018,196061,26,196087
Mahbubnagar,May-2018,193478,26,193504
Mahbubnagar,Jun-2018,165553,26,165579
Mahbubnagar,Jul-2018,161841,47,161888
Mahbubnagar,Aug-2018,169154,44,169198
Mahbubnagar,Sep-2018,167833,52,167885
Mahbubnagar,Oct-2018,193152,37,193189
Mahbubnagar,Nov-2018,295910,68,295978
Mahbubnagar,Dec-2018,198227,26,198253
Mahbubnagar,Jan-2019,168082,45,168127
Mahbubnagar,Feb-2019,798949,29,798978
Mahbubnagar,Mar-2019,173658,28,173686
Mahbubnagar,Apr-2019,183268,34,183302
Mahbubnagar,May-2019,175202,20,175222
Mahbubnagar,Jun-2019,175853,28,175881
Mahbubnagar,Jul-2019,100398,47,100445
Mahbubnagar,Aug-2019,104787,44,104831
Mahbubnagar,Sep-2019,141387,34,141421
Mahbubnagar,Oct-2019,130227,37,130264
Mahbubnagar,Nov-2019,234066,68,234134
Mahbubnagar,Dec-2019,148938,26,148964
Mahbubnagar,Jan-2020,122530,45,122575
Mahbubnagar,Feb-2020,552303,29,552332
Mahbubnagar,Mar-2020,25577,0,25577
Mahbubnagar,Apr-2020,,0,0
Mahbubnagar,May-2020,,0,0
Mahbubnagar,Jun-2020,20956,0,20956
Mahbubnagar,Jul-2020,60255,0,60255
Mahbubnagar,Aug-2020,73928,0,73928
Mahbubnagar,Sep-2020,135984,0,135984
Mahbubnagar,Oct-2020,94083,0,94083
Mahbubnagar,Nov-2020,98683,0,98683
Mahbubnagar,Dec-2020,111514,0,111514
Mahbubnagar,Jan-2021,112443,0,112443
Mahbubnagar,Feb-2021,653029,0,653029
Mahbubnagar,Mar-2021,375235,0,375235
Mahbubnagar,Apr-2021,270751,0,270751
Mahbubnagar,May-2021,5264,0,5264
Mahbubnagar,Jun-2021,32923,0,32923
Mahbubnagar,Jul-2021,300593,0,300593
Mahbubnagar,Aug-2021,299804,0,299804
Mahbubnagar,Sep-2021,250520,0,250520
Mahbubnagar,Oct-2021,208937,0,208937
Mahbubnagar,Nov-2021,675277,0,675277
Mahbubnagar,Dec-2021,205813,0,205813
Mahbubnagar,Jan-2022,269141,0,269141
Mahbubnagar,Feb-2022,490326,0,490326
Mahbubnagar,Mar-2022,388498,0,388498
Mahbubnagar,Apr-2022,267529,0,267529
Mahbubnagar,May-2022,230417,0,230417
Mahbubnagar,Jun-2022,191442,0,191442
Mahbubnagar,Jul-2022,227062,0,227062
Mahbubnagar,Aug-2022,235700,0,235700
Mahbubnagar,Sep-2022,225500,0,225500
Mahbubnagar,Oct-2022,221400,0,221400
Mahbubnagar,Nov-2022,270200,0,270200
Mahbubnagar,Dec-2022,203200,0,203200
Mancherial,Jan-2016, , ,0
Mancherial,Feb-2016, , ,0
Mancherial,Mar-2016, , ,0
Mancherial,Apr-2016, , ,0
Mancherial,May-2016, , ,0
Mancherial,Jun-2016, , ,0
Mancherial,Jul-2016, , ,0
Mancherial,Aug-2016, , ,0
Mancherial,Sep-2016, , ,0
Mancherial,Oct-2016,3124,0,3124
Mancherial,Nov-2016,2255,0,2255
Mancherial,Dec-2016,2423,0,2423
Mancherial,Jan-2017,2937,0,2937
Mancherial,Feb-2017,3130,0,3130
Mancherial,Mar-2017,2775,0,2775
Mancherial,Apr-2017,1513,0,1513
Mancherial,May-2017,1424,0,1424
Mancherial,Jun-2017,2119, ,2119
Mancherial,Jul-2017,33591,0,33591
Mancherial,Aug-2017,26104,0,26104
Mancherial,Sep-2017,24297,0,24297
Mancherial,Oct-2017,37671,0,37671
Mancherial,Nov-2017,25737,0,25737
Mancherial,Dec-2017,30328,0,30328
Mancherial,Jan-2018,71955,0,71955
Mancherial,Feb-2018,38599,0,38599
Mancherial,Mar-2018,20749,0,20749
Mancherial,Apr-2018,38483,0,38483
Mancherial,May-2018,26179,0,26179
Mancherial,Jun-2018,31667,0,31667
Mancherial,Jul-2018,27937,0,27937
Mancherial,Aug-2018,31861,0,31861
Mancherial,Sep-2018,23141,0,23141
Mancherial,Oct-2018,30740,0,30740
Mancherial,Nov-2018,25197,0,25197
Mancherial,Dec-2018,31496,0,31496
Mancherial,Jan-2019,18420,0,18420
Mancherial,Feb-2019,26325,0,26325
Mancherial,Mar-2019,16253,0,16253
Mancherial,Apr-2019,23026,0,23026
Mancherial,May-2019,26616,0,26616
Mancherial,Jun-2019,24593,0,24593
Mancherial,Jul-2019,22303,0,22303
Mancherial,Aug-2019,21191,0,21191
Mancherial,Sep-2019,24079,0,24079
Mancherial,Oct-2019,20867,0,20867
Mancherial,Nov-2019,29302,10,29312
Mancherial,Dec-2019,16835,0,16835
Mancherial,Jan-2020,25661,0,25661
Mancherial,Feb-2020,41809,0,41809
Mancherial,Mar-2020,9855,0,9855
Mancherial,Apr-2020,,0,0
Mancherial,May-2020,,0,0
Mancherial,Jun-2020,210,0,210
Mancherial,Jul-2020,290,0,290
Mancherial,Aug-2020,302,0,302
Mancherial,Sep-2020,2758,0,2758
Mancherial,Oct-2020,4745,0,4745
Mancherial,Nov-2020,6717,0,6717
Mancherial,Dec-2020,10439,0,10439
Mancherial,Jan-2021,14998,0,14998
Mancherial,Feb-2021,12438,0,12438
Mancherial,Mar-2021,7304,0,7304
Mancherial,Apr-2021,6000,0,6000
Mancherial,May-2021,1466,0,1466
Mancherial,Jun-2021,1503,0,1503
Mancherial,Jul-2021,4134,0,4134
Mancherial,Aug-2021,7294,0,7294
Mancherial,Sep-2021,5668,0,5668
Mancherial,Oct-2021,5130,0,5130
Mancherial,Nov-2021,5988,0,5988
Mancherial,Dec-2021,9372,0,9372
Mancherial,Jan-2022,9540,0,9540
Mancherial,Feb-2022,11210,0,11210
Mancherial,Mar-2022,10089,0,10089
Mancherial,Apr-2022,7847,0,7847
Mancherial,May-2022,9538,0,9538
Mancherial,Jun-2022,10244,0,10244
Mancherial,Jul-2022,11763,0,11763
Mancherial,Aug-2022,10255,0,10255
Mancherial,Sep-2022,10855,0,10855
Mancherial,Oct-2022,12198,0,12198
Mancherial,Nov-2022,11550,0,11550
Mancherial,Dec-2022,12346,0,12346
Medak,Jan-2016,92600,0,92600
Medak,Feb-2016,215000,0,215000
Medak,Mar-2016,1318000,0,1318000
Medak,Apr-2016,300000,0,300000
Medak,May-2016,198000,0,198000
Medak,Jun-2016,166700,0,166700
Medak,Jul-2016,153300,0,153300
Medak,Aug-2016,216100,0,216100
Medak,Sep-2016,132600,0,132600
Medak,Oct-2016,15600,0,15600
Medak,Nov-2016,132300,0,132300
Medak,Dec-2016,523000,0,523000
Medak,Jan-2017,523000,0,523000
Medak,Feb-2017,543321,0,543321
Medak,Mar-2017,548535,0,548535
Medak,Apr-2017,554864,0,554864
Medak,May-2017,556891,0,556891
Medak,Jun-2017,561469,0,561469
Medak,Jul-2017,575300,0,575300
Medak,Aug-2017,632830,0,632830
Medak,Sep-2017,696113,0,696113
Medak,Oct-2017,765724,0,765724
Medak,Nov-2017,842296,0,842296
Medak,Dec-2017,926526,0,926526
Medak,Jan-2018,100000,0,100000
Medak,Feb-2018,1000000,0,1000000
Medak,Mar-2018,600000,0,600000
Medak,Apr-2018,200000,0,200000
Medak,May-2018,300000,0,300000
Medak,Jun-2018,500000,0,500000
Medak,Jul-2018,150000,0,150000
Medak,Aug-2018,50000,0,50000
Medak,Sep-2018,100000,0,100000
Medak,Oct-2018,300000,0,300000
Medak,Nov-2018,200000,0,200000
Medak,Dec-2018,400000,0,400000
Medak,Jan-2019,400000,0,400000
Medak,Feb-2019,600000,0,600000
Medak,Mar-2019,1000000,0,1000000
Medak,Apr-2019,650000,0,650000
Medak,May-2019,400000,0,400000
Medak,Jun-2019,300000,0,300000
Medak,Jul-2019,350000,0,350000
Medak,Aug-2019,349900,0,349900
Medak,Sep-2019,350400,0,350400
Medak,Oct-2019,350000,0,350000
Medak,Nov-2019,351560,0,351560
Medak,Dec-2019,350710,0,350710
Medak,Jan-2020,286340,0,286340
Medak,Feb-2020,818750,0,818750
Medak,Mar-2020,288800,0,288800
Medak,Apr-2020,,0,0
Medak,May-2020,,0,0
Medak,Jun-2020,5300,0,5300
Medak,Jul-2020,4325,0,4325
Medak,Aug-2020,15380,0,15380
Medak,Sep-2020,15880,0,15880
Medak,Oct-2020,17380,0,17380
Medak,Nov-2020,45000,0,45000
Medak,Dec-2020,55000,0,55000
Medak,Jan-2021,48000,0,48000
Medak,Feb-2021,44000,0,44000
Medak,Mar-2021,49000,0,49000
Medak,Apr-2021,39000,0,39000
Medak,May-2021,4000,0,4000
Medak,Jun-2021,15000,0,15000
Medak,Jul-2021,16000,0,16000
Medak,Aug-2021,33500,0,33500
Medak,Sep-2021,15500,0,15500
Medak,Oct-2021,17500,0,17500
Medak,Nov-2021,20000,0,20000
Medak,Dec-2021,16350,0,16350
Medak,Jan-2022,12232,0,12232
Medak,Feb-2022,17705,0,17705
Medak,Mar-2022,1500322,0,1500322
Medak,Apr-2022,70295,0,70295
Medak,May-2022,80288,0,80288
Medak,Jun-2022,45000,0,45000
Medak,Jul-2022,35488,0,35488
Medak,Aug-2022,30575,0,30575
Medak,Sep-2022,31773,0,31773
Medak,Oct-2022,45262,0,45262
Medak,Nov-2022,50234,0,50234
Medak,Dec-2022,42236,0,42236
Nagarkurnool,Jan-2016, , ,0
Nagarkurnool,Feb-2016, , ,0
Nagarkurnool,Mar-2016, , ,0
Nagarkurnool,Apr-2016, , ,0
Nagarkurnool,May-2016, , ,0
Nagarkurnool,Jun-2016, , ,0
Nagarkurnool,Jul-2016, , ,0
Nagarkurnool,Aug-2016, , ,0
Nagarkurnool,Sep-2016, , ,0
Nagarkurnool,Oct-2016,201050,8,201058
Nagarkurnool,Nov-2016,188786,11,188797
Nagarkurnool,Dec-2016,198637,10,198647
Nagarkurnool,Jan-2017,382879,19,382898
Nagarkurnool,Feb-2017,286258,25,286283
Nagarkurnool,Mar-2017,184508,24,184532
Nagarkurnool,Apr-2017,183697,29,183726
Nagarkurnool,May-2017,183697,31,183728
Nagarkurnool,Jun-2017,180010,35,180045
Nagarkurnool,Jul-2017,180010,25,180035
Nagarkurnool,Aug-2017,181861,23,181884
Nagarkurnool,Sep-2017,118010,32,118042
Nagarkurnool,Oct-2017,201050,18,201068
Nagarkurnool,Nov-2017,188786,21,188807
Nagarkurnool,Dec-2017,382879,29,382908
Nagarkurnool,Jan-2018,228812,35,228847
Nagarkurnool,Feb-2018,286258,15,286273
Nagarkurnool,Mar-2018,184508,14,184522
Nagarkurnool,Apr-2018,174592,15,174607
Nagarkurnool,May-2018,183697,19,183716
Nagarkurnool,Jun-2018,180010,15,180025
Nagarkurnool,Jul-2018,93450,17,93467
Nagarkurnool,Aug-2018,118010,22,118032
Nagarkurnool,Sep-2018,118449,22,118471
Nagarkurnool,Oct-2018,201050,8,201058
Nagarkurnool,Nov-2018,121452,30,121482
Nagarkurnool,Dec-2018,198637,10,198647
Nagarkurnool,Jan-2019,228812,35,228847
Nagarkurnool,Feb-2019,286258,15,286273
Nagarkurnool,Mar-2019,184508,14,184522
Nagarkurnool,Apr-2019,121460,18,121478
Nagarkurnool,May-2019,184372,14,184386
Nagarkurnool,Jun-2019,184508,14,184522
Nagarkurnool,Jul-2019,93450,17,93467
Nagarkurnool,Aug-2019,118010,22,118032
Nagarkurnool,Sep-2019,175712,7,175719
Nagarkurnool,Oct-2019,196160,3,196163
Nagarkurnool,Nov-2019,121425,30,121455
Nagarkurnool,Dec-2019,198637,10,198647
Nagarkurnool,Jan-2020,228812,35,228847
Nagarkurnool,Feb-2020,286258,15,286273
Nagarkurnool,Mar-2020,32333,0,32333
Nagarkurnool,Apr-2020,,0,0
Nagarkurnool,May-2020,,0,0
Nagarkurnool,Jun-2020,34508,0,34508
Nagarkurnool,Jul-2020,66655,0,66655
Nagarkurnool,Aug-2020,80155,0,80155
Nagarkurnool,Sep-2020,175712,0,175712
Nagarkurnool,Oct-2020,95788,0,95788
Nagarkurnool,Nov-2020,77869,0,77869
Nagarkurnool,Dec-2020,85280,0,85280
Nagarkurnool,Jan-2021,88188,0,88188
Nagarkurnool,Feb-2021,84801,0,84801
Nagarkurnool,Mar-2021,82629,0,82629
Nagarkurnool,Apr-2021,85938,0,85938
Nagarkurnool,May-2021,900,0,900
Nagarkurnool,Jun-2021,31800,0,31800
Nagarkurnool,Jul-2021,114690,0,114690
Nagarkurnool,Aug-2021,123210,0,123210
Nagarkurnool,Sep-2021,104510,0,104510
Nagarkurnool,Oct-2021,91559,0,91559
Nagarkurnool,Nov-2021,117740,0,117740
Nagarkurnool,Dec-2021,111530,0,111530
Nagarkurnool,Jan-2022,198660,0,198660
Nagarkurnool,Feb-2022,128680,0,128680
Nagarkurnool,Mar-2022,147400,0,147400
Nagarkurnool,Apr-2022,188600,0,188600
Nagarkurnool,May-2022,131000,0,131000
Nagarkurnool,Jun-2022,101350,0,101350
Nagarkurnool,Jul-2022,116400,0,116400
Nagarkurnool,Aug-2022,126500,0,126500
Nagarkurnool,Sep-2022,124000,0,124000
Nagarkurnool,Oct-2022,136400,0,136400
Nagarkurnool,Nov-2022,139250,0,139250
Nagarkurnool,Dec-2022,140000,0,140000
Nalgonda,Jan-2016,566515,0,566515
Nalgonda,Feb-2016,539467,0,539467
Nalgonda,Mar-2016,619462,0,619462
Nalgonda,Apr-2016,601253,0,601253
Nalgonda,May-2016,628872,0,628872
Nalgonda,Jun-2016,551239,0,551239
Nalgonda,Jul-2016,582820,0,582820
Nalgonda,Aug-2016,988102,0,988102
Nalgonda,Sep-2016,742402,0,742402
Nalgonda,Oct-2016,3508,0,3508
Nalgonda,Nov-2016,21046,0,21046
Nalgonda,Dec-2016,13775,0,13775
Nalgonda,Jan-2017,4447,0,4447
Nalgonda,Feb-2017,8652,0,8652
Nalgonda,Mar-2017,8054,0,8054
Nalgonda,Apr-2017,44295,0,44295
Nalgonda,May-2017,10750,0,10750
Nalgonda,Jun-2017,37879,0,37879
Nalgonda,Jul-2017,21361,0,21361
Nalgonda,Aug-2017,9363,0,9363
Nalgonda,Sep-2017,17465,0,17465
Nalgonda,Oct-2017,36066,0,36066
Nalgonda,Nov-2017,17687,0,17687
Nalgonda,Dec-2017,25897,0,25897
Nalgonda,Jan-2018,36205,0,36205
Nalgonda,Feb-2018,9971,0,9971
Nalgonda,Mar-2018,9677,0,9677
Nalgonda,Apr-2018,9779,0,9779
Nalgonda,May-2018,10241,0,10241
Nalgonda,Jun-2018,9066,0,9066
Nalgonda,Jul-2018,9668,0,9668
Nalgonda,Aug-2018,10135,0,10135
Nalgonda,Sep-2018,21365,0,21365
Nalgonda,Oct-2018,22332,0,22332
Nalgonda,Nov-2018,5422,0,5422
Nalgonda,Dec-2018,6777,0,6777
Nalgonda,Jan-2019,21284,0,21284
Nalgonda,Feb-2019,13697,0,13697
Nalgonda,Mar-2019,8467,0,8467
Nalgonda,Apr-2019,7202,0,7202
Nalgonda,May-2019,26338,0,26338
Nalgonda,Jun-2019,5558,0,5558
Nalgonda,Jul-2019,19783,0,19783
Nalgonda,Aug-2019,7473,0,7473
Nalgonda,Sep-2019,5230,0,5230
Nalgonda,Oct-2019,5290,0,5290
Nalgonda,Nov-2019,7177,0,7177
Nalgonda,Dec-2019,13419,0,13419
Nalgonda,Jan-2020,10127,0,10127
Nalgonda,Feb-2020,9154,0,9154
Nalgonda,Mar-2020,772,0,772
Nalgonda,Apr-2020,,0,0
Nalgonda,May-2020,,0,0
Nalgonda,Jun-2020,218,0,218
Nalgonda,Jul-2020,224,0,224
Nalgonda,Aug-2020,558,0,558
Nalgonda,Sep-2020,2480,0,2480
Nalgonda,Oct-2020,8541,0,8541
Nalgonda,Nov-2020,6242,0,6242
Nalgonda,Dec-2020,8514,0,8514
Nalgonda,Jan-2021,9097,0,9097
Nalgonda,Feb-2021,6126,0,6126
Nalgonda,Mar-2021,5729,0,5729
Nalgonda,Apr-2021,1033,0,1033
Nalgonda,May-2021,148,0,148
Nalgonda,Jun-2021,1044,0,1044
Nalgonda,Jul-2021,6744,0,6744
Nalgonda,Aug-2021,7852,0,7852
Nalgonda,Sep-2021,21650,0,21650
Nalgonda,Oct-2021,14431,0,14431
Nalgonda,Nov-2021,7684,0,7684
Nalgonda,Dec-2021,12528,0,12528
Nalgonda,Jan-2022,18165,0,18165
Nalgonda,Feb-2022,12694,0,12694
Nalgonda,Mar-2022,11565,0,11565
Nalgonda,Apr-2022,8922,0,8922
Nalgonda,May-2022,12508,0,12508
Nalgonda,Jun-2022,17231,0,17231
Nalgonda,Jul-2022,21554,0,21554
Nalgonda,Aug-2022,30041,0,30041
Nalgonda,Sep-2022,22875,0,22875
Nalgonda,Oct-2022,31877,0,31877
Nalgonda,Nov-2022,17501,0,17501
Nalgonda,Dec-2022,20344,0,20344
Nirmal,Jan-2016, , ,0
Nirmal,Feb-2016, , ,0
Nirmal,Mar-2016, , ,0
Nirmal,Apr-2016, , ,0
Nirmal,May-2016, , ,0
Nirmal,Jun-2016, , ,0
Nirmal,Jul-2016, , ,0
Nirmal,Aug-2016, , ,0
Nirmal,Sep-2016, , ,0
Nirmal,Oct-2016,475955,0,475955
Nirmal,Nov-2016,201388,0,201388
Nirmal,Dec-2016,239267,0,239267
Nirmal,Jan-2017,340311,0,340311
Nirmal,Feb-2017,415326,0,415326
Nirmal,Mar-2017,442057,0,442057
Nirmal,Apr-2017,274132,0,274132
Nirmal,May-2017,297233,0,297233
Nirmal,Jun-2017,340359, ,340359
Nirmal,Jul-2017,328101,0,328101
Nirmal,Aug-2017,340430,0,340430
Nirmal,Sep-2017,528540,0,528540
Nirmal,Oct-2017,388644,0,388644
Nirmal,Nov-2017,369365,0,369365
Nirmal,Dec-2017,340585,0,340585
Nirmal,Jan-2018,480241,0,480241
Nirmal,Feb-2018,335447,0,335447
Nirmal,Mar-2018,328099,0,328099
Nirmal,Apr-2018,368645,0,368645
Nirmal,May-2018,342650,0,342650
Nirmal,Jun-2018,355197,0,355197
Nirmal,Jul-2018,335356,0,335356
Nirmal,Aug-2018,313910,2,313912
Nirmal,Sep-2018,293859,0,293859
Nirmal,Oct-2018,373291,0,373291
Nirmal,Nov-2018,289169,0,289169
Nirmal,Dec-2018,361461,0,361461
Nirmal,Jan-2019,313675,0,313675
Nirmal,Feb-2019,443898,0,443898
Nirmal,Mar-2019,424964,0,424964
Nirmal,Apr-2019,327971,0,327971
Nirmal,May-2019,149705,0,149705
Nirmal,Jun-2019,349747,0,349747
Nirmal,Jul-2019,359495,0,359495
Nirmal,Aug-2019,334646,0,334646
Nirmal,Sep-2019,299827,0,299827
Nirmal,Oct-2019,263412,0,263412
Nirmal,Nov-2019,253388,0,253388
Nirmal,Dec-2019,296050,0,296050
Nirmal,Jan-2020,368292,0,368292
Nirmal,Feb-2020,299646,0,299646
Nirmal,Mar-2020,253116,0,253116
Nirmal,Apr-2020,,0,0
Nirmal,May-2020,,0,0
Nirmal,Jun-2020,5040,0,5040
Nirmal,Jul-2020,9212,0,9212
Nirmal,Aug-2020,10336,0,10336
Nirmal,Sep-2020,13377,0,13377
Nirmal,Oct-2020,28586,0,28586
Nirmal,Nov-2020,73126,0,73126
Nirmal,Dec-2020,110808,0,110808
Nirmal,Jan-2021,154786,0,154786
Nirmal,Feb-2021,225686,0,225686
Nirmal,Mar-2021,205287,0,205287
Nirmal,Apr-2021,125395,0,125395
Nirmal,May-2021,25969,0,25969
Nirmal,Jun-2021,7048,0,7048
Nirmal,Jul-2021,125523,0,125523
Nirmal,Aug-2021,173301,0,173301
Nirmal,Sep-2021,225421,0,225421
Nirmal,Oct-2021,265203,0,265203
Nirmal,Nov-2021,228200,0,228200
Nirmal,Dec-2021,195660,0,195660
Nirmal,Jan-2022,230377,0,230377
Nirmal,Feb-2022,278184,0,278184
Nirmal,Mar-2022,334135,0,334135
Nirmal,Apr-2022,275087,0,275087
Nirmal,May-2022,302772,0,302772
Nirmal,Jun-2022,389714,0,389714
Nirmal,Jul-2022,333767,0,333767
Nirmal,Aug-2022,344930,0,344930
Nirmal,Sep-2022,318387,0,318387
Nirmal,Oct-2022,325830,0,325830
Nirmal,Nov-2022,408666,0,408666
Nirmal,Dec-2022,363179,0,363179
Nizamabad,Jan-2016,576,0,576
Nizamabad,Feb-2016,869,0,869
Nizamabad,Mar-2016,408,0,408
Nizamabad,Apr-2016,476,0,476
Nizamabad,May-2016,554,0,554
Nizamabad,Jun-2016,367,0,367
Nizamabad,Jul-2016,644,0,644
Nizamabad,Aug-2016,589,0,589
Nizamabad,Sep-2016,553,0,553
Nizamabad,Oct-2016,434,0,434
Nizamabad,Nov-2016,617,0,617
Nizamabad,Dec-2016,355,0,355
Nizamabad,Jan-2017,613,0,613
Nizamabad,Feb-2017,1752,0,1752
Nizamabad,Mar-2017,660,0,660
Nizamabad,Apr-2017,1048,2,1050
Nizamabad,May-2017,1341,0,1341
Nizamabad,Jun-2017,2391,0,2391
Nizamabad,Jul-2017,1520,0,1520
Nizamabad,Aug-2017,1583,0,1583
Nizamabad,Sep-2017,933,0,933
Nizamabad,Oct-2017,6644,0,6644
Nizamabad,Nov-2017,1677,0,1677
Nizamabad,Dec-2017,1787,0,1787
Nizamabad,Jan-2018,2495,1,2496
Nizamabad,Feb-2018,7152,0,7152
Nizamabad,Mar-2018,2903,0,2903
Nizamabad,Apr-2018,3550,0,3550
Nizamabad,May-2018,5360,0,5360
Nizamabad,Jun-2018,1761,0,1761
Nizamabad,Jul-2018,5882,1,5883
Nizamabad,Aug-2018,10525,0,10525
Nizamabad,Sep-2018,475,0,475
Nizamabad,Oct-2018,490,0,490
Nizamabad,Nov-2018,475,0,475
Nizamabad,Dec-2018,355,0,355
Nizamabad,Jan-2019,878,0,878
Nizamabad,Feb-2019,915,1,916
Nizamabad,Mar-2019,938,0,938
Nizamabad,Apr-2019,958,0,958
Nizamabad,May-2019,1193,0,1193
Nizamabad,Jun-2019,686,0,686
Nizamabad,Jul-2019,990,0,990
Nizamabad,Aug-2019,1004,0,1004
Nizamabad,Sep-2019,6572,0,6572
Nizamabad,Oct-2019,8849,0,8849
Nizamabad,Nov-2019,11950,0,11950
Nizamabad,Dec-2019,11400,0,11400
Nizamabad,Jan-2020,7540,0,7540
Nizamabad,Feb-2020,6400,0,6400
Nizamabad,Mar-2020,6750,0,6750
Nizamabad,Apr-2020,,0,0
Nizamabad,May-2020,,0,0
Nizamabad,Jun-2020,,0,0
Nizamabad,Jul-2020,1620,0,1620
Nizamabad,Aug-2020,2020,0,2020
Nizamabad,Sep-2020,10050,0,10050
Nizamabad,Oct-2020,6310,0,6310
Nizamabad,Nov-2020,10900,0,10900
Nizamabad,Dec-2020,40400,0,40400
Nizamabad,Jan-2021,9450,0,9450
Nizamabad,Feb-2021,50500,0,50500
Nizamabad,Mar-2021,61080,0,61080
Nizamabad,Apr-2021,30430,0,30430
Nizamabad,May-2021,0,0,0
Nizamabad,Jun-2021,2020,0,2020
Nizamabad,Jul-2021,14050,0,14050
Nizamabad,Aug-2021,19580,0,19580
Nizamabad,Sep-2021,12580,0,12580
Nizamabad,Oct-2021,13600,0,13600
Nizamabad,Nov-2021,19090,0,19090
Nizamabad,Dec-2021,10120,0,10120
Nizamabad,Jan-2022,12881,0,12881
Nizamabad,Feb-2022,75753,0,75753
Nizamabad,Mar-2022,106250,0,106250
Nizamabad,Apr-2022,10875,0,10875
Nizamabad,May-2022,17259,2,17261
Nizamabad,Jun-2022,16640,0,16640
Nizamabad,Jul-2022,11758,0,11758
Nizamabad,Aug-2022,19056,0,19056
Nizamabad,Sep-2022,16124,0,16124
Nizamabad,Oct-2022,28465,0,28465
Nizamabad,Nov-2022,43667,0,43667
Nizamabad,Dec-2022,38483,0,38483
Peddapalli,Jan-2016, , ,0
Peddapalli,Feb-2016, , ,0
Peddapalli,Mar-2016, , ,0
Peddapalli,Apr-2016, , ,0
Peddapalli,May-2016, , ,0
Peddapalli,Jun-2016, , ,0
Peddapalli,Jul-2016, , ,0
Peddapalli,Aug-2016, , ,0
Peddapalli,Sep-2016, , ,0
Peddapalli,Oct-2016,950,0,950
Peddapalli,Nov-2016,1145,0,1145
Peddapalli,Dec-2016,1149,0,1149
Peddapalli,Jan-2017,1345,0,1345
Peddapalli,Feb-2017,1378,0,1378
Peddapalli,Mar-2017,965,0,965
Peddapalli,Apr-2017,750,0,750
Peddapalli,May-2017,640,0,640
Peddapalli,Jun-2017,885,0,885
Peddapalli,Jul-2017,1095,0,1095
Peddapalli,Aug-2017,1385,0,1385
Peddapalli,Sep-2017,1155,0,1155
Peddapalli,Oct-2017,1595,0,1595
Peddapalli,Nov-2017,1940,0,1940
Peddapalli,Dec-2017,1765,0,1765
Peddapalli,Jan-2018,2670,0,2670
Peddapalli,Feb-2018,2695,0,2695
Peddapalli,Mar-2018,2325,0,2325
Peddapalli,Apr-2018,1940,0,1940
Peddapalli,May-2018,1499,0,1499
Peddapalli,Jun-2018,1580,0,1580
Peddapalli,Jul-2018,1580,0,1580
Peddapalli,Aug-2018,1595,0,1595
Peddapalli,Sep-2018,1475,0,1475
Peddapalli,Oct-2018,1545,0,1545
Peddapalli,Nov-2018,1655,0,1655
Peddapalli,Dec-2018,1695,0,1695
Peddapalli,Jan-2019,1055,0,1055
Peddapalli,Feb-2019,1157,0,1157
Peddapalli,Mar-2019,895,0,895
Peddapalli,Apr-2019,942,0,942
Peddapalli,May-2019,802,0,802
Peddapalli,Jun-2019,735,0,735
Peddapalli,Jul-2019,1085,0,1085
Peddapalli,Aug-2019,1505,0,1505
Peddapalli,Sep-2019,1785,0,1785
Peddapalli,Oct-2019,2080,0,2080
Peddapalli,Nov-2019,2225,0,2225
Peddapalli,Dec-2019,2315,0,2315
Peddapalli,Jan-2020,2945,0,2945
Peddapalli,Feb-2020,2315,0,2315
Peddapalli,Mar-2020,1450,0,1450
Peddapalli,Apr-2020,,0,0
Peddapalli,May-2020,,0,0
Peddapalli,Jun-2020,445,0,445
Peddapalli,Jul-2020,250,0,250
Peddapalli,Aug-2020,1250,0,1250
Peddapalli,Sep-2020,800,0,800
Peddapalli,Oct-2020,600,0,600
Peddapalli,Nov-2020,650,0,650
Peddapalli,Dec-2020,1105,0,1105
Peddapalli,Jan-2021,1150,0,1150
Peddapalli,Feb-2021,1245,0,1245
Peddapalli,Mar-2021,2610,0,2610
Peddapalli,Apr-2021,3405,0,3405
Peddapalli,May-2021,355,0,355
Peddapalli,Jun-2021,420,0,420
Peddapalli,Jul-2021,550,0,550
Peddapalli,Aug-2021,779,0,779
Peddapalli,Sep-2021,660,0,660
Peddapalli,Oct-2021,650,0,650
Peddapalli,Nov-2021,1630,0,1630
Peddapalli,Dec-2021,1840,0,1840
Peddapalli,Jan-2022,1635,0,1635
Peddapalli,Feb-2022,1675,0,1675
Peddapalli,Mar-2022,478,0,478
Peddapalli,Apr-2022,516,0,516
Peddapalli,May-2022,1750,0,1750
Peddapalli,Jun-2022,620,0,620
Peddapalli,Jul-2022,1550,0,1550
Peddapalli,Aug-2022,750,0,750
Peddapalli,Sep-2022,765,0,765
Peddapalli,Oct-2022,1835,0,1835
Peddapalli,Nov-2022,2185,0,2185
Peddapalli,Dec-2022,920,0,920
Rajanna Sircilla ,Jan-2016, , ,0
Rajanna Sircilla ,Feb-2016, , ,0
Rajanna Sircilla ,Mar-2016, , ,0
Rajanna Sircilla ,Apr-2016, , ,0
Rajanna Sircilla ,May-2016, , ,0
Rajanna Sircilla ,Jun-2016, , ,0
Rajanna Sircilla ,Jul-2016, , ,0
Rajanna Sircilla ,Aug-2016, , ,0
Rajanna Sircilla ,Sep-2016, , ,0
Rajanna Sircilla ,Oct-2016,534484,0,534484
Rajanna Sircilla ,Nov-2016,864077,0,864077
Rajanna Sircilla ,Dec-2016,778240,0,778240
Rajanna Sircilla ,Jan-2017,615842,0,615842
Rajanna Sircilla ,Feb-2017,1255569,0,1255569
Rajanna Sircilla ,Mar-2017,1030441,0,1030441
Rajanna Sircilla ,Apr-2017,1146782,0,1146782
Rajanna Sircilla ,May-2017,1117228,0,1117228
Rajanna Sircilla ,Jun-2017,1113882,0,1113882
Rajanna Sircilla ,Jul-2017,462022,0,462022
Rajanna Sircilla ,Aug-2017,1004410,0,1004410
Rajanna Sircilla ,Sep-2017,487060,0,487060
Rajanna Sircilla ,Oct-2017,845620,0,845620
Rajanna Sircilla ,Nov-2017,1191129,0,1191129
Rajanna Sircilla ,Dec-2017,1649362,0,1649362
Rajanna Sircilla ,Jan-2018,2238074,0,2238074
Rajanna Sircilla ,Feb-2018,1021787,0,1021787
Rajanna Sircilla ,Mar-2018,1022669,0,1022669
Rajanna Sircilla ,Apr-2018,833874,0,833874
Rajanna Sircilla ,May-2018,1021952,0,1021952
Rajanna Sircilla ,Jun-2018,320886,0,320886
Rajanna Sircilla ,Jul-2018,937720,0,937720
Rajanna Sircilla ,Aug-2018,320952,0,320952
Rajanna Sircilla ,Sep-2018,818693,0,818693
Rajanna Sircilla ,Oct-2018,506563,0,506563
Rajanna Sircilla ,Nov-2018,840933,0,840933
Rajanna Sircilla ,Dec-2018,950128,0,950128
Rajanna Sircilla ,Jan-2019,6188298,0,6188298
Rajanna Sircilla ,Feb-2019,1015550,0,1015550
Rajanna Sircilla ,Mar-2019,1444971,0,1444971
Rajanna Sircilla ,Apr-2019,1148062,0,1148062
Rajanna Sircilla ,May-2019,1018131,0,1018131
Rajanna Sircilla ,Jun-2019,1128849,0,1128849
Rajanna Sircilla ,Jul-2019,422961,0,422961
Rajanna Sircilla ,Aug-2019,586118,0,586118
Rajanna Sircilla ,Sep-2019,501293,0,501293
Rajanna Sircilla ,Oct-2019,646492,0,646492
Rajanna Sircilla ,Nov-2019,1259371,0,1259371
Rajanna Sircilla ,Dec-2019,1472801,0,1472801
Rajanna Sircilla ,Jan-2020,2298291,0,2298291
Rajanna Sircilla ,Feb-2020,963871,0,963871
Rajanna Sircilla ,Mar-2020,885559,0,885559
Rajanna Sircilla ,Apr-2020,,0,0
Rajanna Sircilla ,May-2020,,0,0
Rajanna Sircilla ,Jun-2020,76026,0,76026
Rajanna Sircilla ,Jul-2020,60636,0,60636
Rajanna Sircilla ,Aug-2020,110783,0,110783
Rajanna Sircilla ,Sep-2020,121976,0,121976
Rajanna Sircilla ,Oct-2020,181929,0,181929
Rajanna Sircilla ,Nov-2020,391170,0,391170
Rajanna Sircilla ,Dec-2020,535298,0,535298
Rajanna Sircilla ,Jan-2021,656423,0,656423
Rajanna Sircilla ,Feb-2021,571526,0,571526
Rajanna Sircilla ,Mar-2021,868764,0,868764
Rajanna Sircilla ,Apr-2021,198252,0,198252
Rajanna Sircilla ,May-2021,23978,0,23978
Rajanna Sircilla ,Jun-2021,125913,0,125913
Rajanna Sircilla ,Jul-2021,290935,0,290935
Rajanna Sircilla ,Aug-2021,518772,0,518772
Rajanna Sircilla ,Sep-2021,388599,0,388599
Rajanna Sircilla ,Oct-2021,355757,0,355757
Rajanna Sircilla ,Nov-2021,567535,0,567535
Rajanna Sircilla ,Dec-2021,606628,0,606628
Rajanna Sircilla ,Jan-2022,685642,0,685642
Rajanna Sircilla ,Feb-2022,622385,0,622385
Rajanna Sircilla ,Mar-2022,544400,0,544400
Rajanna Sircilla ,Apr-2022,472924,0,472924
Rajanna Sircilla ,May-2022,559320,0,559320
Rajanna Sircilla ,Jun-2022,538663,0,538663
Rajanna Sircilla ,Jul-2022,217276,0,217276
Rajanna Sircilla ,Aug-2022,476608,0,476608
Rajanna Sircilla ,Sep-2022,285048,0,285048
Rajanna Sircilla ,Oct-2022,316687,0,316687
Rajanna Sircilla ,Nov-2022,390875,0,390875
Rajanna Sircilla ,Dec-2022,394472,0,394472
Sangareddy,Jan-2016, , ,0
Sangareddy,Feb-2016, , ,0
Sangareddy,Mar-2016, , ,0
Sangareddy,Apr-2016, , ,0
Sangareddy,May-2016, , ,0
Sangareddy,Jun-2016, , ,0
Sangareddy,Jul-2016, , ,0
Sangareddy,Aug-2016, , ,0
Sangareddy,Sep-2016, , ,0
Sangareddy,Oct-2016,274000,0,274000
Sangareddy,Nov-2016,349000,0,349000
Sangareddy,Dec-2016,155000,0,155000
Sangareddy,Jan-2017,195000,0,195000
Sangareddy,Feb-2017,140000,0,140000
Sangareddy,Mar-2017,275000,0,275000
Sangareddy,Apr-2017,215000,0,215000
Sangareddy,May-2017,215000,0,215000
Sangareddy,Jun-2017,180000,0,180000
Sangareddy,Jul-2017,195000,0,195000
Sangareddy,Aug-2017,295000,0,295000
Sangareddy,Sep-2017,200000,0,200000
Sangareddy,Oct-2017,232000,0,232000
Sangareddy,Nov-2017,324500,0,324500
Sangareddy,Dec-2017,356950,0,356950
Sangareddy,Jan-2018,254000,0,254000
Sangareddy,Feb-2018,540000,0,540000
Sangareddy,Mar-2018,158500,0,158500
Sangareddy,Apr-2018,162500,0,162500
Sangareddy,May-2018,157000,0,157000
Sangareddy,Jun-2018,93500,0,93500
Sangareddy,Jul-2018,108600,0,108600
Sangareddy,Aug-2018,205000,0,205000
Sangareddy,Sep-2018,125000,0,125000
Sangareddy,Oct-2018,171800,0,171800
Sangareddy,Nov-2018,160000,0,160000
Sangareddy,Dec-2018,134000,0,134000
Sangareddy,Jan-2019,144000,0,144000
Sangareddy,Feb-2019,148000,0,148000
Sangareddy,Mar-2019,747000,0,747000
Sangareddy,Apr-2019,205000,0,205000
Sangareddy,May-2019,133000,0,133000
Sangareddy,Jun-2019,347000,0,347000
Sangareddy,Jul-2019,467000,0,467000
Sangareddy,Aug-2019,466150,0,466150
Sangareddy,Sep-2019,468350,0,468350
Sangareddy,Oct-2019,467470,0,467470
Sangareddy,Nov-2019,481720,0,481720
Sangareddy,Dec-2019,478470,0,478470
Sangareddy,Jan-2020,213000,0,213000
Sangareddy,Feb-2020,755000,0,755000
Sangareddy,Mar-2020,235000,0,235000
Sangareddy,Apr-2020,,0,0
Sangareddy,May-2020,,0,0
Sangareddy,Jun-2020,9500,0,9500
Sangareddy,Jul-2020,27400,0,27400
Sangareddy,Aug-2020,45400,0,45400
Sangareddy,Sep-2020,47900,0,47900
Sangareddy,Oct-2020,55400,0,55400
Sangareddy,Nov-2020,149000,0,149000
Sangareddy,Dec-2020,167000,0,167000
Sangareddy,Jan-2021,112500,0,112500
Sangareddy,Feb-2021,103200,0,103200
Sangareddy,Mar-2021,274500,0,274500
Sangareddy,Apr-2021,117300,0,117300
Sangareddy,May-2021,15000,0,15000
Sangareddy,Jun-2021,26500,0,26500
Sangareddy,Jul-2021,33000,0,33000
Sangareddy,Aug-2021,64900,0,64900
Sangareddy,Sep-2021,47700,0,47700
Sangareddy,Oct-2021,50000,0,50000
Sangareddy,Nov-2021,56150,0,56150
Sangareddy,Dec-2021,38750,0,38750
Sangareddy,Jan-2022,115988,0,115988
Sangareddy,Feb-2022,130632,0,130632
Sangareddy,Mar-2022,417000,0,417000
Sangareddy,Apr-2022,72000,0,72000
Sangareddy,May-2022,82500,0,82500
Sangareddy,Jun-2022,81000,0,81000
Sangareddy,Jul-2022,85000,0,85000
Sangareddy,Aug-2022,160000,0,160000
Sangareddy,Sep-2022,129000,0,129000
Sangareddy,Oct-2022,151000,0,151000
Sangareddy,Nov-2022,180205,0,180205
Sangareddy,Dec-2022,160854,0,160854
Siddipet,Jan-2016, , ,0
Siddipet,Feb-2016, , ,0
Siddipet,Mar-2016, , ,0
Siddipet,Apr-2016, , ,0
Siddipet,May-2016, , ,0
Siddipet,Jun-2016, , ,0
Siddipet,Jul-2016, , ,0
Siddipet,Aug-2016, , ,0
Siddipet,Sep-2016, , ,0
Siddipet,Oct-2016,123500,0,123500
Siddipet,Nov-2016,154400,0,154400
Siddipet,Dec-2016,80500,0,80500
Siddipet,Jan-2017,80500,0,80500
Siddipet,Feb-2017,80500,0,80500
Siddipet,Mar-2017,80500,0,80500
Siddipet,Apr-2017,80500,0,80500
Siddipet,May-2017,80500,0,80500
Siddipet,Jun-2017,60000,0,60000
Siddipet,Jul-2017,88550,0,88550
Siddipet,Aug-2017,97405,0,97405
Siddipet,Sep-2017,107146,0,107146
Siddipet,Oct-2017,117861,0,117861
Siddipet,Nov-2017,129647,0,129647
Siddipet,Dec-2017,142612,0,142612
Siddipet,Jan-2018,253000,0,253000
Siddipet,Feb-2018,44000,0,44000
Siddipet,Mar-2018,164800,0,164800
Siddipet,Apr-2018,115000,0,115000
Siddipet,May-2018,165200,0,165200
Siddipet,Jun-2018,104300,0,104300
Siddipet,Jul-2018,54000,0,54000
Siddipet,Aug-2018,100000,0,100000
Siddipet,Sep-2018,55000,0,55000
Siddipet,Oct-2018,43000,0,43000
Siddipet,Nov-2018,135000,0,135000
Siddipet,Dec-2018,50000,0,50000
Siddipet,Jan-2019,140793,0,140793
Siddipet,Feb-2019,199549,0,199549
Siddipet,Mar-2019,204600,0,204600
Siddipet,Apr-2019,184412,0,184412
Siddipet,May-2019,110500,0,110500
Siddipet,Jun-2019,1037000,0,1037000
Siddipet,Jul-2019,179320,0,179320
Siddipet,Aug-2019,190750,0,190750
Siddipet,Sep-2019,122550,0,122550
Siddipet,Oct-2019,191330,0,191330
Siddipet,Nov-2019,209130,0,209130
Siddipet,Dec-2019,217930,0,217930
Siddipet,Jan-2020,473350,0,473350
Siddipet,Feb-2020,204885,0,204885
Siddipet,Mar-2020,123000,0,123000
Siddipet,Apr-2020,,0,0
Siddipet,May-2020,,0,0
Siddipet,Jun-2020,19846,0,19846
Siddipet,Jul-2020,23864,0,23864
Siddipet,Aug-2020,27307,0,27307
Siddipet,Sep-2020,30980,0,30980
Siddipet,Oct-2020,73367,0,73367
Siddipet,Nov-2020,72049,0,72049
Siddipet,Dec-2020,173000,0,173000
Siddipet,Jan-2021,173749,0,173749
Siddipet,Feb-2021,107247,0,107247
Siddipet,Mar-2021,70337,0,70337
Siddipet,Apr-2021,61534,0,61534
Siddipet,May-2021,9000,0,9000
Siddipet,Jun-2021,37700,0,37700
Siddipet,Jul-2021,37000,0,37000
Siddipet,Aug-2021,70000,0,70000
Siddipet,Sep-2021,59000,0,59000
Siddipet,Oct-2021,90000,0,90000
Siddipet,Nov-2021,93500,0,93500
Siddipet,Dec-2021,90350,0,90350
Siddipet,Jan-2022,161000,0,161000
Siddipet,Feb-2022,222250,0,222250
Siddipet,Mar-2022,108750,0,108750
Siddipet,Apr-2022,114311,0,114311
Siddipet,May-2022,144239,0,144239
Siddipet,Jun-2022,104583,0,104583
Siddipet,Jul-2022,59832,0,59832
Siddipet,Aug-2022,106635,0,106635
Siddipet,Sep-2022,67500,0,67500
Siddipet,Oct-2022,78009,0,78009
Siddipet,Nov-2022,136709,0,136709
Siddipet,Dec-2022,113370,0,113370
Wanaparthy,Jan-2016, , ,0
Wanaparthy,Feb-2016, , ,0
Wanaparthy,Mar-2016, , ,0
Wanaparthy,Apr-2016, , ,0
Wanaparthy,May-2016, , ,0
Wanaparthy,Jun-2016, , ,0
Wanaparthy,Jul-2016, , ,0
Wanaparthy,Aug-2016, , ,0
Wanaparthy,Sep-2016, , ,0
Wanaparthy,Oct-2016,21234,0,21234
Wanaparthy,Nov-2016,18348,0,18348
Wanaparthy,Dec-2016,20556,0,20556
Wanaparthy,Jan-2017,22152,0,22152
Wanaparthy,Feb-2017,22342,0,22342
Wanaparthy,Mar-2017,20050,0,20050
Wanaparthy,Apr-2017,11502,0,11502
Wanaparthy,May-2017,11502,0,11502
Wanaparthy,Jun-2017,19092,0,19092
Wanaparthy,Jul-2017,19092,0,19092
Wanaparthy,Aug-2017,21375,0,21375
Wanaparthy,Sep-2017,35860,0,35860
Wanaparthy,Oct-2017,21234,0,21234
Wanaparthy,Nov-2017,18348,0,18348
Wanaparthy,Dec-2017,22152,0,22152
Wanaparthy,Jan-2018,28131,0,28131
Wanaparthy,Feb-2018,22341,0,22341
Wanaparthy,Mar-2018,20050,0,20050
Wanaparthy,Apr-2018,10550,0,10550
Wanaparthy,May-2018,11502,0,11502
Wanaparthy,Jun-2018,19092,0,19092
Wanaparthy,Jul-2018,32625,0,32625
Wanaparthy,Aug-2018,35860,0,35860
Wanaparthy,Sep-2018,32002,0,32002
Wanaparthy,Oct-2018,21234,0,21234
Wanaparthy,Nov-2018,32657,0,32657
Wanaparthy,Dec-2018,20556,0,20556
Wanaparthy,Jan-2019,28131,0,28131
Wanaparthy,Feb-2019,22342,0,22342
Wanaparthy,Mar-2019,20050,0,20050
Wanaparthy,Apr-2019,23749,0,23749
Wanaparthy,May-2019,20010,0,20010
Wanaparthy,Jun-2019,20050,0,20050
Wanaparthy,Jul-2019,32625,0,32625
Wanaparthy,Aug-2019,35860,0,35860
Wanaparthy,Sep-2019,21375,0,21375
Wanaparthy,Oct-2019,21234,0,21234
Wanaparthy,Nov-2019,32657,0,32657
Wanaparthy,Dec-2019,20556,0,20556
Wanaparthy,Jan-2020,28131,0,28131
Wanaparthy,Feb-2020,22342,0,22342
Wanaparthy,Mar-2020,7050,0,7050
Wanaparthy,Apr-2020,,0,0
Wanaparthy,May-2020,,0,0
Wanaparthy,Jun-2020,4050,0,4050
Wanaparthy,Jul-2020,17092,0,17092
Wanaparthy,Aug-2020,30860,0,30860
Wanaparthy,Sep-2020,21375,0,21375
Wanaparthy,Oct-2020,29683,0,29683
Wanaparthy,Nov-2020,29036,0,29036
Wanaparthy,Dec-2020,27057,0,27057
Wanaparthy,Jan-2021,22482,0,22482
Wanaparthy,Feb-2021,22524,0,22524
Wanaparthy,Mar-2021,19672,0,19672
Wanaparthy,Apr-2021,25212,0,25212
Wanaparthy,May-2021,295,0,295
Wanaparthy,Jun-2021,600,0,600
Wanaparthy,Jul-2021,29300,0,29300
Wanaparthy,Aug-2021,33300,0,33300
Wanaparthy,Sep-2021,22800,0,22800
Wanaparthy,Oct-2021,23700,0,23700
Wanaparthy,Nov-2021,29330,0,29330
Wanaparthy,Dec-2021,28100,0,28100
Wanaparthy,Jan-2022,30000,0,30000
Wanaparthy,Feb-2022,19000,0,19000
Wanaparthy,Mar-2022,21000,0,21000
Wanaparthy,Apr-2022,22250,0,22250
Wanaparthy,May-2022,17000,0,17000
Wanaparthy,Jun-2022,12200,0,12200
Wanaparthy,Jul-2022,13200,0,13200
Wanaparthy,Aug-2022,15700,0,15700
Wanaparthy,Sep-2022,13000,0,13000
Wanaparthy,Oct-2022,12000,0,12000
Wanaparthy,Nov-2022,12600,0,12600
Wanaparthy,Dec-2022,12000,0,12000
Warangal,Jan-2021,7450,0,7450
Warangal,Feb-2021,7470,0,7470
Warangal,Mar-2021,7500,0,7500
Warangal,Apr-2021,7510,0,7510
Warangal,May-2021,560,0,560
Warangal,Jun-2021,550,0,550
Warangal,Jul-2021,3400,0,3400
Warangal,Aug-2021,5610,0,5610
Warangal,Sep-2021,5610,0,5610
Warangal,Oct-2021,5820,0,5820
Warangal,Nov-2021,6230,0,6230
Warangal,Dec-2021,5690,0,5690
Warangal,Jan-2022,5810, ,5810
Warangal,Feb-2022,5543, ,5543
Warangal,Mar-2022,5650, ,5650
Warangal,Apr-2022,6626, ,6626
Warangal,May-2022,6500, ,6500
Warangal,Jun-2022,6459, ,6459
Warangal,Jul-2022,7285, ,7285
Warangal,Aug-2022,15724, ,15724
Warangal,Sep-2022,14681, ,14681
Warangal,Oct-2022,14476,0,14476
Warangal,Nov-2022,14631,0,14631
Warangal,Dec-2022,14550,0,14550
Warangal,Jan-2016, ,35,35
Warangal,Feb-2016, ,25,25
Warangal,Mar-2016, ,17,17
Warangal,Apr-2016, ,19,19
Warangal,May-2016, ,21,21
Warangal,Jun-2016, ,24,24
Warangal,Jul-2016, ,25,25
Warangal,Aug-2016, ,28,28
Warangal,Sep-2016, ,26,26
Warangal,Oct-2016,8200,25,8225
Warangal,Nov-2016,6050,29,6079
Warangal,Dec-2016,5150,32,5182
Warangal,Jan-2017,8000,0,8000
Warangal,Feb-2017,8300,0,8300
Warangal,Mar-2017,7800,0,7800
Warangal,Apr-2017,7600,0,7600
Warangal,May-2017,8500,0,8500
Warangal,Jun-2017,9000,0,9000
Warangal,Jul-2017,13600,0,13600
Warangal,Aug-2017,13650,0,13650
Warangal,Sep-2017,13800,0,13800
Warangal,Oct-2017,16500,0,16500
Warangal,Nov-2017,16300,0,16300
Warangal,Dec-2017,21200,0,21200
Warangal,Jan-2018,25200,0,25200
Warangal,Feb-2018,26300,0,26300
Warangal,Mar-2018,26200,0,26200
Warangal,Apr-2018,21600,0,21600
Warangal,May-2018,22100,0,22100
Warangal,Jun-2018,23100,0,23100
Warangal,Jul-2018,25900,0,25900
Warangal,Aug-2018,25700,0,25700
Warangal,Sep-2018,25800,0,25800
Warangal,Oct-2018,26000,0,26000
Warangal,Nov-2018,24050,0,24050
Warangal,Dec-2018,30062,0,30062
Warangal,Jan-2019,28700,0,28700
Warangal,Feb-2019,28800,0,28800
Warangal,Mar-2019,29000,0,29000
Warangal,Apr-2019,26900,0,26900
Warangal,May-2019,24900,0,24900
Warangal,Jun-2019,27100,0,27100
Warangal,Jul-2019,28600,0,28600
Warangal,Aug-2019,31600,0,31600
Warangal,Sep-2019,32600,0,32600
Warangal,Oct-2019,31100,0,31100
Warangal,Nov-2019,32150,0,32150
Warangal,Dec-2019,32050,0,32050
Warangal,Jan-2020,31550,0,31550
Warangal,Feb-2020,31050,0,31050
Warangal,Mar-2020,26050,0,26050
Warangal,Apr-2020,,0,0
Warangal,May-2020,,0,0
Warangal,Jun-2020,,0,0
Warangal,Jul-2020,560,0,560
Warangal,Aug-2020,870,11,881
Warangal,Sep-2020,1550,13,1563
Warangal,Oct-2020,2060,0,2060
Warangal,Nov-2020,7550,12,7562
Warangal,Dec-2020,7530,11,7541
Hanumakonda,Jan-2016,1985815,459,1986274
Hanumakonda,Feb-2016,20703778,391,20704169
Hanumakonda,Mar-2016,568397,230,568627
Hanumakonda,Apr-2016,317643,39,317682
Hanumakonda,May-2016,373788,82,373870
Hanumakonda,Jun-2016,365332,88,365420
Hanumakonda,Jul-2016,340320,53,340373
Hanumakonda,Aug-2016,368755,102,368857
Hanumakonda,Sep-2016,379210,118,379328
Hanumakonda,Oct-2016,128247,108,128355
Hanumakonda,Nov-2016,129250,97,129347
Hanumakonda,Dec-2016,127500,132,127632
Hanumakonda,Jan-2017,130608,235,130843
Hanumakonda,Feb-2017,126608,242,126850
Hanumakonda,Mar-2017,118298,238,118536
Hanumakonda,Apr-2017,107133,209,107342
Hanumakonda,May-2017,109915,211,110126
Hanumakonda,Jun-2017,111530,194,111724
Hanumakonda,Jul-2017,116545,116,116661
Hanumakonda,Aug-2017,116810,219,117029
Hanumakonda,Sep-2017,117150,225,117375
Hanumakonda,Oct-2017,119255,236,119491
Hanumakonda,Nov-2017,119360,255,119615
Hanumakonda,Dec-2017,126790,250,127040
Hanumakonda,Jan-2018,137530,150,137680
Hanumakonda,Feb-2018,145750,185,145935
Hanumakonda,Mar-2018,140300,160,140460
Hanumakonda,Apr-2018,142510,150,142660
Hanumakonda,May-2018,143425,140,143565
Hanumakonda,Jun-2018,135615,130,135745
Hanumakonda,Jul-2018,136560,130,136690
Hanumakonda,Aug-2018,136760,135,136895
Hanumakonda,Sep-2018,138780,145,138925
Hanumakonda,Oct-2018,140948,160,141108
Hanumakonda,Nov-2018,144515,170,144685
Hanumakonda,Dec-2018,180643,187,180830
Hanumakonda,Jan-2019,151545,175,151720
Hanumakonda,Feb-2019,157755,200,157955
Hanumakonda,Mar-2019,154305,200,154505
Hanumakonda,Apr-2019,150425,190,150615
Hanumakonda,May-2019,143230,175,143405
Hanumakonda,Jun-2019,144400,195,144595
Hanumakonda,Jul-2019,145440,185,145625
Hanumakonda,Aug-2019,148030,230,148260
Hanumakonda,Sep-2019,151070,240,151310
Hanumakonda,Oct-2019,147450,220,147670
Hanumakonda,Nov-2019,153880,230,154110
Hanumakonda,Dec-2019,147700,210,147910
Hanumakonda,Jan-2020,157630,225,157855
Hanumakonda,Feb-2020,157950,225,158175
Hanumakonda,Mar-2020,102520,80,102600
Hanumakonda,Apr-2020,,0,0
Hanumakonda,May-2020,,0,0
Hanumakonda,Jun-2020,,0,0
Hanumakonda,Jul-2020,7300,0,7300
Hanumakonda,Aug-2020,9150,0,9150
Hanumakonda,Sep-2020,12050,0,12050
Hanumakonda,Oct-2020,18350,0,18350
Hanumakonda,Nov-2020,91120,0,91120
Hanumakonda,Dec-2020,92455,0,92455
Yadadri Bhongir,Jan-2016, , ,0
Yadadri Bhongir,Feb-2016, , ,0
Yadadri Bhongir,Mar-2016, , ,0
Yadadri Bhongir,Apr-2016, , ,0
Yadadri Bhongir,May-2016, , ,0
Yadadri Bhongir,Jun-2016, , ,0
Yadadri Bhongir,Jul-2016, , ,0
Yadadri Bhongir,Aug-2016, , ,0
Yadadri Bhongir,Sep-2016, , ,0
Yadadri Bhongir,Oct-2016,584800,0,584800
Yadadri Bhongir,Nov-2016,681000,0,681000
Yadadri Bhongir,Dec-2016,462800,0,462800
Yadadri Bhongir,Jan-2017,678000,0,678000
Yadadri Bhongir,Feb-2017,540500,0,540500
Yadadri Bhongir,Mar-2017,525588,0,525588
Yadadri Bhongir,Apr-2017,570000,0,570000
Yadadri Bhongir,May-2017,458700,0,458700
Yadadri Bhongir,Jun-2017,685880,0,685880
Yadadri Bhongir,Jul-2017,481240,0,481240
Yadadri Bhongir,Aug-2017,680720,0,680720
Yadadri Bhongir,Sep-2017,678925,0,678925
Yadadri Bhongir,Oct-2017,683500,0,683500
Yadadri Bhongir,Nov-2017,537600,0,537600
Yadadri Bhongir,Dec-2017,481075,0,481075
Yadadri Bhongir,Jan-2018,2016000,0,2016000
Yadadri Bhongir,Feb-2018,3073872,0,3073872
Yadadri Bhongir,Mar-2018,2836580,0,2836580
Yadadri Bhongir,Apr-2018,692370,0,692370
Yadadri Bhongir,May-2018,781842,0,781842
Yadadri Bhongir,Jun-2018,577570,0,577570
Yadadri Bhongir,Jul-2018,671156,0,671156
Yadadri Bhongir,Aug-2018,526445,0,526445
Yadadri Bhongir,Sep-2018,819350,0,819350
Yadadri Bhongir,Oct-2018,586475,0,586475
Yadadri Bhongir,Nov-2018,485208,0,485208
Yadadri Bhongir,Dec-2018,606510,0,606510
Yadadri Bhongir,Jan-2019,479293,0,479293
Yadadri Bhongir,Feb-2019,56525,0,56525
Yadadri Bhongir,Mar-2019,481923,0,481923
Yadadri Bhongir,Apr-2019,441150,0,441150
Yadadri Bhongir,May-2019,345790,0,345790
Yadadri Bhongir,Jun-2019,370566,0,370566
Yadadri Bhongir,Jul-2019,332770,0,332770
Yadadri Bhongir,Aug-2019,389010,0,389010
Yadadri Bhongir,Sep-2019,366862,0,366862
Yadadri Bhongir,Oct-2019,381860,0,381860
Yadadri Bhongir,Nov-2019,365990,0,365990
Yadadri Bhongir,Dec-2019,477635,0,477635
Yadadri Bhongir,Jan-2020,493002,0,493002
Yadadri Bhongir,Feb-2020,527311,0,527311
Yadadri Bhongir,Mar-2020,125380,0,125380
Yadadri Bhongir,Apr-2020,,0,0
Yadadri Bhongir,May-2020,,0,0
Yadadri Bhongir,Jun-2020,76480,0,76480
Yadadri Bhongir,Jul-2020,25375,0,25375
Yadadri Bhongir,Aug-2020,110587,0,110587
Yadadri Bhongir,Sep-2020,110595,0,110595
Yadadri Bhongir,Oct-2020,481320,0,481320
Yadadri Bhongir,Nov-2020,381150,0,381150
Yadadri Bhongir,Dec-2020,321254,0,321254
Yadadri Bhongir,Jan-2021,281131,,281131
Yadadri Bhongir,Feb-2021,265238,,265238
Yadadri Bhongir,Mar-2021,261920,,261920
Yadadri Bhongir,Apr-2021,621,,621
Yadadri Bhongir,May-2021,275,,275
Yadadri Bhongir,Jun-2021,153020,,153020
Yadadri Bhongir,Jul-2021,312343,,312343
Yadadri Bhongir,Aug-2021,269850,,269850
Yadadri Bhongir,Sep-2021,169532,,169532
Yadadri Bhongir,Oct-2021,170613,,170613
Yadadri Bhongir,Nov-2021,242245,,242245
Yadadri Bhongir,Dec-2021,231306,,231306
Yadadri Bhongir,Jan-2022,550000,,550000
Yadadri Bhongir,Feb-2022,500000,,500000
Yadadri Bhongir,Mar-2022,600000,,600000
Yadadri Bhongir,Apr-2022,651276,,651276
Yadadri Bhongir,May-2022,801312,,801312
Yadadri Bhongir,Jun-2022,762672,,762672
Yadadri Bhongir,Jul-2022,370064,,370064
Yadadri Bhongir,Aug-2022,597045,,597045
Yadadri Bhongir,Sep-2022,328666,,328666
Yadadri Bhongir,Oct-2022,640912,,640912
Yadadri Bhongir,Nov-2022,751364,,751364
Yadadri Bhongir,Dec-2022,1012272,,1012272
,,,,
,,,,
,,,,
,,,,
,,,,
,,,,
,,,,
,,,,
,,,,
,,,,
,,,,
,,,,
,,,,
,,,,
,,,,
,,,,
,,,,
,,,,
,,,,
,,,,
,,,,
,,,,
,,,,
,,,,
,,,,
,,,,
,,,,
,,,,
,,,,
,,,,
,,,,
,,,,
,,,,
,,,,
,,,,
,,,,
,,,,
,,,,
,,,,
,,,,
,,,,
,,,,
,,,,
,,,,
,,,,
,,,,
,,,,
,,,,
,,,,
,,,,
,,,,
,,,,
,,,,
,,,,
,,,,
,,,,
,,,,
,,,,
,,,,
,,,,
,,,,
,,,,
,,,,
,,,,
,,,,
,,,,
,,,,
,,,,
,,,,
,,,,
,,,,
,,,,
,,,,
,,,,
,,,,
,,,,
,,,,
,,,,
,,,,
,,,,
,,,,
,,,,
,,,,
,,,,
,,,,
,,,,
,,,,
,,,,
,,,,
,,,,
,,,,
,,,,
,,,,
,,,,
,,,,
,,,,
,,,,
,,,,
,,,,
,,,,
,,,,
,,,,
,,,,
,,,,
,,,,
,,,,
,,,,
,,,,
,,,,
,,,,
,,,,
,,,,
,,,,
,,,,
,,,,
,,,,
,,,,
,,,,
,,,,
,,,,
,,,,
,,,,
,,,,
,,,,
,,,,
,,,,
,,,,
,,,,
,,,,
,,,,
,,,,
,,,,
,,,,
,,,,
,,,,
,,,,
,,,,
,,,,
,,,,
,,,,
,,,,
,,,,
,,,,
,,,,
,,,,
,,,,
,,,,
,,,,
,,,,
,,,,
,,,,
,,,,
,,,,
,,,,
,,,,
,,,,
,,,,
,,,,
,,,,
,,,,
,,,,
,,,,
,,,,
,,,,
,,,,
,,,,
,,,,
,,,,
,,,,
,,,,
,,,,
,,,,
,,,,
,,,,
,,,,
,,,,
,,,,
,,,,
,,,,
,,,,
,,,,
,,,,
,,,,
,,,,
,,,,
,,,,
,,,,
,,,,
,,,,
,,,,
,,,,
,,,,
,,,,
,,,,
,,,,
,,,,
,,,,
,,,,
,,,,
,,,,
,,,,
,,,,
,,,,
,,,,
,,,,
,,,,
,,,,
,,,,
,,,,
,,,,
,,,,
,,,,
,,,,
,,,,
,,,,
,,,,
,,,,
,,,,
,,,,
,,,,
,,,,
,,,,
,,,,
,,,,
,,,,
,,,,
,,,,
,,,,
,,,,
,,,,
,,,,
,,,,
,,,,
,,,,
,,,,
,,,,
,,,,
,,,,
,,,,
,,,,
,,,,
,,,,
,,,,
,,,,
,,,,
,,,,
,,,,
,,,,
,,,,
,,,,
,,,,
,,,,
,,,,
,,,,
,,,,
,,,,
,,,,
,,,,
,,,,
,,,,
,,,,
,,,,
,,,,
,,,,
,,,,
,,,,
,,,,
,,,,
,,,,
,,,,
,,,,
,,,,
,,,,
,,,,
,,,,
,,,,
,,,,
,,,,
,,,,
,,,,
,,,,
,,,,
,,,,
,,,,
,,,,
,,,,
,,,,
,,,,
,,,,
,,,,
,,,,
,,,,
,,,,
,,,,
,,,,
,,,,
,,,,
,,,,
,,,,
,,,,
,,,,
,,,,
,,,,
,,,,
,,,,
,,,,
,,,,
,,,,
,,,,
,,,,
,,,,
,,,,
,,,,
,,,,
,,,,
,,,,
,,,,
,,,,
,,,,
,,,,
,,,,
,,,,
,,,,
,,,,
,,,,
,,,,
,,,,
,,,,
,,,,
,,,,
,,,,
,,,,
,,,,
,,,,
,,,,
,,,,
,,,,
,,,,
,,,,
,,,,
,,,,
,,,,
,,,,
,,,,
,,,,
,,,,
,,,,
,,,,
,,,,
,,,,
,,,,
,,,,
,,,,
,,,,
,,,,
,,,,
,,,,
,,,,
,,,,
,,,,
,,,,
,,,,
,,,,
,,,,
,,,,
,,,,
,,,,
,,,,
,,,,
,,,,
,,,,
,,,,
,,,,
,,,,
,,,,
,,,,
,,,,
,,,,
,,,,
,,,,
,,,,
,,,,
,,,,
,,,,
,,,,
,,,,
,,,,
,,,,
,,,,
,,,,
,,,,
,,,,
,,,,
,,,,
,,,,
,,,,
,,,,
,,,,
,,,,
,,,,
,,,,
,,,,
,,,,
,,,,
,,,,
,,,,
,,,,
,,,,
,,,,
,,,,
,,,,
,,,,
,,,,
,,,,
,,,,
,,,,
,,,,
,,,,
,,,,
,,,,
,,,,
,,,,
,,,,
,,,,
,,,,
,,,,
,,,,
,,,,
,,,,
,,,,
,,,,
,,,,
,,,,
,,,,
,,,,
,,,,
,,,,
,,,,
,,,,
,,,,
,,,,
,,,,
,,,,
,,,,
,,,,
,,,,
,,,,
,,,,
,,,,
,,,,
,,,,
,,,,
,,,,
,,,,
,,,,
,,,,
,,,,
,,,,
,,,,
,,,,
,,,,
,,,,
,,,,
,,,,
,,,,
,,,,
,,,,
,,,,
,,,,
,,,,
,,,,
,,,,
,,,,
,,,,
,,,,
,,,,
,,,,
,,,,
,,,,
,,,,
,,,,
,,,,
,,,,
,,,,
,,,,
,,,,
,,,,
,,,,
,,,,
,,,,
,,,,
,,,,
,,,,
,,,,
,,,,
,,,,
,,,,
,,,,
,,,,
,,,,
,,,,
,,,,
,,,,
,,,,
,,,,
,,,,
,,,,
,,,,
,,,,
,,,,
,,,,
,,,,
,,,,
,,,,
,,,,
,,,,
,,,,
,,,,
,,,,
,,,,
,,,,
,,,,
,,,,
,,,,
,,,,
,,,,
,,,,
,,,,
,,,,
,,,,
,,,,
,,,,
,,,,
,,,,
,,,,
,,,,
,,,,
,,,,
,,,,
,,,,
,,,,
,,,,
,,,,
,,,,
,,,,
,,,,
,,,,
,,,,
,,,,
,,,,
,,,,
,,,,
,,,,
,,,,
,,,,
,,,,
,,,,
,,,,
,,,,
,,,,
,,,,
,,,,
,,,,
,,,,
,,,,
,,,,
,,,,
,,,,
,,,,
,,,,
,,,,
,,,,
,,,,
,,,,
,,,,
,,,,
,,,,
,,,,
,,,,
,,,,
,,,,
,,,,
,,,,
,,,,
,,,,
,,,,
,,,,
,,,,
,,,,
,,,,
,,,,
,,,,
,,,,
,,,,
,,,,
,,,,
,,,,
,,,,
,,,,
,,,,
,,,,
,,,,
,,,,
,,,,
,,,,
,,,,
,,,,
,,,,
,,,,
,,,,
,,,,
,,,,
,,,,
,,,,
,,,,
,,,,
,,,,
,,,,
,,,,
,,,,
,,,,
,,,,
,,,,
,,,,
,,,,
,,,,
,,,,
,,,,
,,,,
,,,,
,,,,
,,,,
,,,,
,,,,
,,,,
,,,,
,,,,
,,,,
,,,,
,,,,
,,,,
,,,,
,,,,
,,,,
,,,,
,,,,
,,,,
,,,,
,,,,
,,,,
,,,,
,,,,
,,,,
,,,,
,,,,
,,,,
,,,,
,,,,
,,,,
,,,,
,,,,
,,,,
,,,,
,,,,
,,,,
,,,,
,,,,
,,,,
,,,,
,,,,
,,,,
,,,,
,,,,
,,,,
,,,,
,,,,
,,,,
,,,,
,,,,
,,,,
,,,,
,,,,
,,,,
,,,,
,,,,
,,,,
